# schema=isam-commit-benchmark-v1	revision=b1790aa-local-v4-verification	host=macos-aarch64
# control	direct engines; BLOB keys/values; SQLite WITHOUT ROWID; no secondary indexes; SQLite WAL/FULL/fullfsync=ON/checkpoint_fullfsync=ON; page_size=4096; autocheckpoint=1000; ISAM sync_all unchanged; matching requested durability, not proven identical crash guarantees
# workload	warm retained handles; mixed: one 36-row chapter/read and one changed record/write; bounded thread workers, not separate-host qualification; checkpoint costs inside operations retained; setup and verification excluded
backend	workload	workers	samples	elapsed_ns	p50_ns	p95_ns	p99_ns	chapters_s	writes_s	syncs
isam	read_36	1	100	8191045	57791	138250	428000	12208.454476809737	0	0
sqlite_strict	read_36	1	100	745249	6584	7625	11666	134183.34006486423	0	NA
sqlite_strict	insert_36	1	100	520281793	4986125	8024416	9368500	0	192.20353536376777	NA
isam	insert_36	1	100	945158582	9029000	11142750	13020083	0	105.80235095405396	200
isam	update_36	1	100	1014119625	9678833	14974709	18032917	0	98.60769630604477	200
sqlite_strict	update_36	1	100	567192338	5008917	10299833	13073750	0	176.30703607988443	NA
sqlite_strict	delete_36	1	100	579365908	5041542	8778917	16154084	0	172.6024928619031	NA
isam	delete_36	1	100	596395199	4971167	11544709	13251500	0	167.67405265447147	200
isam	read_only_reads	4	400	11111666	57833	263584	713375	35998.20224977965	0	0
sqlite_strict	read_only_reads	4	400	1695333	10916	33250	72584	235941.84741286814	0	NA
sqlite_strict	write_only_writes	4	400	2098362542	4936583	7210000	9958958	0	190.62482864317164	NA
isam	write_only_writes	4	400	3756467000	9029042	168742792	640045875	0	106.4830331266054	800
isam	mixed_reads	4	400	3925017500	69125	100667	1386042	101.91037364801558	101.91037364801558	800
isam	mixed_writes	4	400	3925017500	9439417	55122125	290678667	0	101.91037364801558	800
sqlite_strict	mixed_reads	4	400	2093238792	6334	11375	21167	191.09143282110546	191.09143282110546	NA
sqlite_strict	mixed_writes	4	400	2093238792	4899709	7875583	12338208	0	191.09143282110546	NA
isam	read_only_reads	10	400	6399042	97375	346750	751125	62509.35686935639	0	0
sqlite_strict	read_only_reads	10	400	2356667	21375	150792	474333	169731.23483292296	0	NA
sqlite_strict	write_only_writes	10	400	2297142792	4895667	9513375	1189727083	0	174.1293581718276	NA
isam	write_only_writes	10	400	3790719125	9805417	448954625	725028166	0	105.52087527719428	800
isam	mixed_reads	10	400	3949404041	66584	89667	1218250	101.28110364183425	101.28110364183425	800
isam	mixed_writes	10	400	3949404041	9806709	248997209	544080083	0	101.28110364183425	800
sqlite_strict	mixed_reads	10	400	2053594083	18208	57208	878333	194.78045993181797	194.78045993181797	NA
sqlite_strict	mixed_writes	10	400	2053594083	4521458	7876583	13177459	0	194.78045993181797	NA
isam	read_only_reads	30	400	5666750	94375	1365416	1862042	70587.1972470993	0	0
sqlite_strict	read_only_reads	30	400	3688458	42792	1337208	2407750	108446.4022634933	0	NA
sqlite_strict	write_only_writes	30	400	2949302792	4716291	773457625	2439266916	0	135.62527424617173	NA
isam	write_only_writes	30	400	3975946334	10111875	1388753916	1999973458	0	100.60497964457686	800
isam	mixed_reads	30	400	3625485458	65834	788041	1197250	110.3300522464818	110.3300522464818	800
isam	mixed_writes	30	400	3625485458	9091750	567963459	1372733750	0	110.3300522464818	800
sqlite_strict	mixed_reads	30	400	2768884917	27042	242916	1501000	144.46248652088707	144.46248652088707	NA
sqlite_strict	mixed_writes	30	400	2768884917	4375042	7977542	1825577708	0	144.46248652088707	NA
