# schema=isam-benchmark-v7	run_revision=b1790aa+v6-fixed-fd7df919e8c0	host=macos-aarch64	peak_rss_bytes=14974976
# native_format	version=2	compression=none
# disk_growth_bytes	isam=7991296	sqlite=196608	flat_file=10008	isam_catalog=52346880	sqlite_catalog=368640
# write_lock_stats	requests count OS byte-range attempts; local_* measures process-local mutex contention; range_* measures byte-range-lock contention; stripe IDs are stable hash buckets
# durability	ISAM retains two File::sync_all calls per commit; SQLite retains BriskDB WAL/FULL defaults; macOS flush primitives differ, so these are default-policy comparisons, not identical power-loss guarantees
# group_workloads	36 separate native commits vs one explicit native bulk commit vs one SQLite statement; not automatic group commit; verification excluded from timings; per-workload phase counters overlap; disk_growth_bytes excludes these separate group fixtures
# write_lock_stripe_acquisitions	stripe_00=1123	stripe_01=1146	stripe_02=1145	stripe_03=1173	stripe_04=1138	stripe_05=1163	stripe_06=1169	stripe_07=1215	stripe_08=1131	stripe_09=1211	stripe_10=1371	stripe_11=1191	stripe_12=1141	stripe_13=1219	stripe_14=1194	stripe_15=1164	stripe_16=1148	stripe_17=1164	stripe_18=1197	stripe_19=1197	stripe_20=1176	stripe_21=1194	stripe_22=1100	stripe_23=1195	stripe_24=1166	stripe_25=1288	stripe_26=1161	stripe_27=1437	stripe_28=1231	stripe_29=1238	stripe_30=1116	stripe_31=1211	stripe_32=1078	stripe_33=1116	stripe_34=1107	stripe_35=1204	stripe_36=1173	stripe_37=1159	stripe_38=1137	stripe_39=1197	stripe_40=1184	stripe_41=1164	stripe_42=1102	stripe_43=1179	stripe_44=1107	stripe_45=1180	stripe_46=1124	stripe_47=1181	stripe_48=1149	stripe_49=1246	stripe_50=1115	stripe_51=1120	stripe_52=1176	stripe_53=1185	stripe_54=1144	stripe_55=1245	stripe_56=1176	stripe_57=1234	stripe_58=1104	stripe_59=1175	stripe_60=1159	stripe_61=1178	stripe_62=1203	stripe_63=1220
# write_lock_stripe_retries	stripe_00=0	stripe_01=0	stripe_02=0	stripe_03=0	stripe_04=0	stripe_05=0	stripe_06=0	stripe_07=0	stripe_08=0	stripe_09=0	stripe_10=0	stripe_11=0	stripe_12=0	stripe_13=0	stripe_14=0	stripe_15=0	stripe_16=0	stripe_17=0	stripe_18=0	stripe_19=0	stripe_20=0	stripe_21=0	stripe_22=0	stripe_23=0	stripe_24=0	stripe_25=0	stripe_26=0	stripe_27=0	stripe_28=0	stripe_29=0	stripe_30=0	stripe_31=0	stripe_32=0	stripe_33=0	stripe_34=0	stripe_35=0	stripe_36=0	stripe_37=0	stripe_38=0	stripe_39=0	stripe_40=0	stripe_41=0	stripe_42=0	stripe_43=0	stripe_44=0	stripe_45=0	stripe_46=0	stripe_47=0	stripe_48=0	stripe_49=0	stripe_50=0	stripe_51=0	stripe_52=0	stripe_53=0	stripe_54=0	stripe_55=0	stripe_56=0	stripe_57=0	stripe_58=0	stripe_59=0	stripe_60=0	stripe_61=0	stripe_62=0	stripe_63=0
# write_lock_stripe_wait_ns	stripe_00=1558546	stripe_01=3245668	stripe_02=1091707	stripe_03=1058756	stripe_04=963941	stripe_05=1043713	stripe_06=1007400	stripe_07=1046347	stripe_08=962307	stripe_09=1116923	stripe_10=1294565	stripe_11=964953	stripe_12=899295	stripe_13=999146	stripe_14=959789	stripe_15=940115	stripe_16=897369	stripe_17=913642	stripe_18=1060130	stripe_19=974421	stripe_20=913270	stripe_21=939726	stripe_22=852482	stripe_23=935256	stripe_24=887503	stripe_25=1185114	stripe_26=964778	stripe_27=1198490	stripe_28=930168	stripe_29=943870	stripe_30=857962	stripe_31=909386	stripe_32=783943	stripe_33=805107	stripe_34=853199	stripe_35=883096	stripe_36=924070	stripe_37=869531	stripe_38=859722	stripe_39=848736	stripe_40=983390	stripe_41=843490	stripe_42=800684	stripe_43=825708	stripe_44=788951	stripe_45=838235	stripe_46=782521	stripe_47=838261	stripe_48=799601	stripe_49=903602	stripe_50=780686	stripe_51=789317	stripe_52=795957	stripe_53=803201	stripe_54=795914	stripe_55=866253	stripe_56=785593	stripe_57=836017	stripe_58=756275	stripe_59=776387	stripe_60=770753	stripe_61=805438	stripe_62=791570	stripe_63=881805
backend	workload	samples	mean_ns	low_ns	high_ns	p50_ns	p95_ns	p99_ns	throughput_ops_s	avg_file_opens	avg_file_closes	avg_file_stats	avg_root_reads	avg_root_writes	avg_page_reads	avg_page_writes	avg_root_read_ns	avg_root_write_ns	avg_page_read_ns	avg_page_write_ns	avg_syncs	avg_sync_ns	avg_publication_ns	avg_preflight_rebases	avg_publication_retries	avg_commit_lock_wait_ns	avg_lock_requests	avg_lock_retries	avg_lock_wait_ns	avg_write_lock_batches	avg_write_lock_keys	avg_write_lock_requests	avg_write_lock_retries	avg_write_lock_wait_ns	avg_write_lock_local_retries	avg_write_lock_local_wait_ns	avg_write_lock_range_retries	avg_write_lock_range_wait_ns	avg_write_lock_stripes_acquired
isam	open_existing	100	74555	70000	151792	72417	81208	123292	13412.905844351812	2	2	3	1	0	1	0	1026	0	560	0	0	0	0	0	0	0	1	0	527	0	0	0	0	0	0	0	0	0	0
sqlite	open_existing	100	27438621	24107834	59562084	26078250	32950291	49721750	36.44497987562332	NA	NA	NA	NA	NA	NA	NA	NA	NA	NA	NA	NA	NA	NA	NA	NA	NA	NA	NA	NA	NA	NA	NA	NA	NA	NA	NA	NA	NA	NA
isam	point_read	100	30950	29458	63375	29958	32292	48292	32310.156827039205	0	0	0	1	0	2	0	734	0	1003	0	0	0	0	0	0	0	1	0	462	0	0	0	0	0	0	0	0	0	0
sqlite	point_read	100	716314	454209	1845583	664542	968042	1483125	1396.0346668354193	NA	NA	NA	NA	NA	NA	NA	NA	NA	NA	NA	NA	NA	NA	NA	NA	NA	NA	NA	NA	NA	NA	NA	NA	NA	NA	NA	NA	NA	NA
isam	range_36	100	44344	41541	100541	42333	51250	61708	22550.89398509025	0	0	0	1	0	3	0	770	0	2033	0	0	0	0	0	0	0	1	0	609	0	0	0	0	0	0	0	0	0	0
sqlite	range_36	100	713626	477541	2116083	673291	1022000	1754542	1401.2931553625633	NA	NA	NA	NA	NA	NA	NA	NA	NA	NA	NA	NA	NA	NA	NA	NA	NA	NA	NA	NA	NA	NA	NA	NA	NA	NA	NA	NA	NA	NA
isam	result_json_serialization_36	100	1572	1500	2084	1542	1709	2042	635740.0331856298	0	0	0	0	0	0	0	0	0	0	0	0	0	0	0	0	0	0	0	0	0	0	0	0	0	0	0	0	0	0
sqlite	result_json_serialization_36	100	1799	1625	2750	1750	2042	2333	555830.3828003847	NA	NA	NA	NA	NA	NA	NA	NA	NA	NA	NA	NA	NA	NA	NA	NA	NA	NA	NA	NA	NA	NA	NA	NA	NA	NA	NA	NA	NA	NA
flat_file	point_read	100	624	542	3167	584	625	875	1600999.0233905958	NA	NA	NA	NA	NA	NA	NA	NA	NA	NA	NA	NA	NA	NA	NA	NA	NA	NA	NA	NA	NA	NA	NA	NA	NA	NA	NA	NA	NA	NA
flat_file	range_36	100	15753	14625	28000	15333	18084	27833	63476.94993255574	NA	NA	NA	NA	NA	NA	NA	NA	NA	NA	NA	NA	NA	NA	NA	NA	NA	NA	NA	NA	NA	NA	NA	NA	NA	NA	NA	NA	NA	NA
isam	chunk_insert_36	100	10614727	5668042	29260917	9904750	15693291	25872292	94.20873373729152	0	0	1	3	1	1	3	15018	18701	3541	133910	2	10084709	5124693	0	0	1338	39	0	34881	1	36	34	0	25526	0	1109	0	21019	34
sqlite	chunk_insert_36	100	1139180	753666	2172875	1025083	1655875	2088666	877.8241148941146	NA	NA	NA	NA	NA	NA	NA	NA	NA	NA	NA	NA	NA	NA	NA	NA	NA	NA	NA	NA	NA	NA	NA	NA	NA	NA	NA	NA	NA	NA
isam	chunk_refresh_36	100	9352623	6518459	13527333	9048208	11926292	13513000	106.92187201063152	0	0	1	3	1	3	3	23268	26887	7020	136794	2	8841336	4543491	0	0	1557	39	0	33851	1	36	34	0	24991	0	1136	0	20385	34
sqlite	chunk_refresh_36	100	773432	565458	1823333	718708	1104291	1222375	1292.9376847478657	NA	NA	NA	NA	NA	NA	NA	NA	NA	NA	NA	NA	NA	NA	NA	NA	NA	NA	NA	NA	NA	NA	NA	NA	NA	NA	NA	NA	NA	NA
flat_file	chunk_refresh_36	100	4492666	2854083	12527500	4099250	5719333	6944084	222.58495408289417	NA	NA	NA	NA	NA	NA	NA	NA	NA	NA	NA	NA	NA	NA	NA	NA	NA	NA	NA	NA	NA	NA	NA	NA	NA	NA	NA	NA	NA	NA
isam	chunk_delete_36	100	10127079	6567625	18112084	9728750	15364500	16539209	98.74515018625843	0	0	1	3	1	3	2	87419	33814	12039	183400	2	9332210	4640985	0	0	2177	39	0	36642	1	36	34	0	26931	0	1120	0	22704	34
sqlite	chunk_delete_36	100	962423	718459	1567708	926667	1213292	1523750	1039.043795425826	NA	NA	NA	NA	NA	NA	NA	NA	NA	NA	NA	NA	NA	NA	NA	NA	NA	NA	NA	NA	NA	NA	NA	NA	NA	NA	NA	NA	NA	NA
isam_catalog	catalog_insert_1	100	10043671	5943500	17552625	10006125	12720292	14729708	99.56518212271949	0	0	1	4	1	15	9	30691	26929	36553	201181	2	9102010	4810575	0	0	1727	8	0	15897	1	3	2	0	4021	0	685	0	2702	2
sqlite	catalog_insert_1	100	1641020	760167	9511166	1112292	3927792	5870292	609.3767716677485	NA	NA	NA	NA	NA	NA	NA	NA	NA	NA	NA	NA	NA	NA	NA	NA	NA	NA	NA	NA	NA	NA	NA	NA	NA	NA	NA	NA	NA	NA
isam_catalog	catalog_update_1	100	9955949	6576875	14305625	9933708	12486084	13846625	100.44245766406155	0	0	1	5	1	22	9	22213	22438	215277	172198	2	8948978	4480266	0	0	3451	9	0	15511	1	4	2	0	3320	0	492	0	2317	2
sqlite	catalog_update_1	100	1151160	769209	2075708	1110083	1583333	1891750	868.6883256263594	NA	NA	NA	NA	NA	NA	NA	NA	NA	NA	NA	NA	NA	NA	NA	NA	NA	NA	NA	NA	NA	NA	NA	NA	NA	NA	NA	NA	NA	NA
isam_catalog	catalog_delete_1	100	10285811	7941583	16961375	10031125	11908667	12032417	97.22130608695082	0	0	1	5	1	20	8	29128	27868	28041	198157	2	9418668	4911980	0	0	1730	9	0	17242	1	3	2	0	4020	0	596	0	2860	2
sqlite	catalog_delete_1	100	1149179	768584	4001917	1065958	1614417	1869541	870.1860156617123	NA	NA	NA	NA	NA	NA	NA	NA	NA	NA	NA	NA	NA	NA	NA	NA	NA	NA	NA	NA	NA	NA	NA	NA	NA	NA	NA	NA	NA	NA
isam_catalog	catalog_insert_36	100	10686564	7628167	19799833	10934666	12011667	13744458	93.57544530009166	0	0	1	4	1	18	48	22628	22961	25670	334015	2	9256799	4728626	0	0	1788	59	0	52879	1	108	53	0	41947	0	2043	0	34245	53
sqlite	catalog_insert_36	100	1125368	854958	1990417	1081333	1435500	1550625	888.5979658641893	NA	NA	NA	NA	NA	NA	NA	NA	NA	NA	NA	NA	NA	NA	NA	NA	NA	NA	NA	NA	NA	NA	NA	NA	NA	NA	NA	NA	NA	NA
isam_catalog	catalog_update_36	100	12097974	7895125	27466042	11891750	16357958	19182083	82.65846416969664	0	0	1	5	1	85	40	18286	18949	793693	237459	2	9409035	4696045	0	0	3729	56	0	50906	1	144	49	0	37512	0	1680	0	30798	49
sqlite	catalog_update_36	100	1129804	836333	1825334	1077375	1518666	1795542	885.108782037829	NA	NA	NA	NA	NA	NA	NA	NA	NA	NA	NA	NA	NA	NA	NA	NA	NA	NA	NA	NA	NA	NA	NA	NA	NA	NA	NA	NA	NA	NA
isam_catalog	catalog_delete_36	100	10732122	7019416	18940625	10132708	12960792	14026708	93.17821743031374	0	0	1	5	1	74	10	47934	120659	85441	179181	2	8822562	4604929	0	0	2602	60	0	75876	1	108	53	0	41194	0	2028	0	33926	53
sqlite	catalog_delete_36	100	1198845	788334	2746542	1118209	1820292	2292083	834.1355492956093	NA	NA	NA	NA	NA	NA	NA	NA	NA	NA	NA	NA	NA	NA	NA	NA	NA	NA	NA	NA	NA	NA	NA	NA	NA	NA	NA	NA	NA	NA
isam	same_key_conflict	100	36481	34041	56458	36375	40375	54750	27411.36398398957	0	0	0	1	0	2	0	746	0	1017	0	0	0	0	0	0	0	3	0	1433	1	1	1	0	567	0	27	0	435	1
sqlite	same_key_conflict	100	621490	455375	1099542	606333	771916	912250	1609.034095706024	NA	NA	NA	NA	NA	NA	NA	NA	NA	NA	NA	NA	NA	NA	NA	NA	NA	NA	NA	NA	NA	NA	NA	NA	NA	NA	NA	NA	NA	NA
isam	disjoint_writers_4	100	41563765	32799541	54909375	41537792	47388458	50867542	24.059417875566062	0	0	4	18	4	14	8	278096	130978	47388	328383	8	37566932	19470053	3	0	62994121	30	48	63141230	4	4	4	0	11550	0	605	0	8507	4
sqlite	disjoint_writers_4	100	4639142	1845000	12526083	3872084	9941709	12422917	215.5570915674885	NA	NA	NA	NA	NA	NA	NA	NA	NA	NA	NA	NA	NA	NA	NA	NA	NA	NA	NA	NA	NA	NA	NA	NA	NA	NA	NA	NA	NA	NA
isam_writer_0	disjoint_writer_latency	100	24486162	7030792	47506667	21862500	43455583	47295584	40.83939305320634	NA	NA	NA	NA	NA	NA	NA	NA	NA	NA	NA	NA	NA	NA	NA	NA	NA	NA	NA	NA	NA	NA	NA	NA	NA	NA	NA	NA	NA	NA
sqlite_writer_0	disjoint_writer_latency	100	2744805	916917	12435000	2425750	7405083	9349209	364.3246059373981	NA	NA	NA	NA	NA	NA	NA	NA	NA	NA	NA	NA	NA	NA	NA	NA	NA	NA	NA	NA	NA	NA	NA	NA	NA	NA	NA	NA	NA	NA
isam_writer_1	disjoint_writer_latency	100	27341115	8402667	50745791	27887000	43591334	45517042	36.57495207273143	NA	NA	NA	NA	NA	NA	NA	NA	NA	NA	NA	NA	NA	NA	NA	NA	NA	NA	NA	NA	NA	NA	NA	NA	NA	NA	NA	NA	NA	NA
sqlite_writer_1	disjoint_writer_latency	100	2744100	1029209	7405958	2590250	5144250	6617917	364.41814657331514	NA	NA	NA	NA	NA	NA	NA	NA	NA	NA	NA	NA	NA	NA	NA	NA	NA	NA	NA	NA	NA	NA	NA	NA	NA	NA	NA	NA	NA	NA
isam_writer_2	disjoint_writer_latency	100	27360382	7627333	54816209	29411250	44371834	47518208	36.549196180765136	NA	NA	NA	NA	NA	NA	NA	NA	NA	NA	NA	NA	NA	NA	NA	NA	NA	NA	NA	NA	NA	NA	NA	NA	NA	NA	NA	NA	NA	NA
sqlite_writer_2	disjoint_writer_latency	100	2775246	790750	10097583	2441750	5442458	7017916	360.3283437262297	NA	NA	NA	NA	NA	NA	NA	NA	NA	NA	NA	NA	NA	NA	NA	NA	NA	NA	NA	NA	NA	NA	NA	NA	NA	NA	NA	NA	NA	NA
isam_writer_3	disjoint_writer_latency	100	23589419	8427750	47015750	21972000	43885417	46429959	42.391887273599394	NA	NA	NA	NA	NA	NA	NA	NA	NA	NA	NA	NA	NA	NA	NA	NA	NA	NA	NA	NA	NA	NA	NA	NA	NA	NA	NA	NA	NA	NA
sqlite_writer_3	disjoint_writer_latency	100	2919178	973875	12319334	2520333	6372875	7477208	342.5621483015051	NA	NA	NA	NA	NA	NA	NA	NA	NA	NA	NA	NA	NA	NA	NA	NA	NA	NA	NA	NA	NA	NA	NA	NA	NA	NA	NA	NA	NA	NA
isam_individual	group_insert_36	100	352090149	323211709	410140333	348642875	384769958	399027000	2.840181700768588	0	0	36	144	36	538	325	1180425	858768	985887	5508279	72	327537909	168350788	0	0	55506	321	0	500146	36	108	105	0	145536	0	16588	0	105521	105
isam_bulk	group_insert_36	100	10830170	7715417	20170542	10526709	14175208	18689625	92.3346466945767	0	0	1	4	1	14	43	16291	23541	38487	238275	2	9704607	4595595	0	0	1612	59	0	49142	1	108	53	0	38331	0	1582	0	31269	53
sqlite	group_insert_36	100	1679025	888042	3652750	1576000	2558250	3527875	595.5836117259884	NA	NA	NA	NA	NA	NA	NA	NA	NA	NA	NA	NA	NA	NA	NA	NA	NA	NA	NA	NA	NA	NA	NA	NA	NA	NA	NA	NA	NA	NA
isam_individual	group_update_36	100	352902159	322051375	450215583	347738875	383292833	414457958	2.8336465871309513	0	0	36	180	36	720	287	1237154	821997	1176456	4956789	72	327510446	169293850	0	0	53976	358	0	503993	36	144	106	0	125857	0	18905	0	84220	106
isam_bulk	group_update_36	100	11160402	7804917	30262125	10851042	13021333	15292084	89.6024994423678	0	0	1	5	1	64	30	18255	22335	71102	180466	2	9558349	4635449	0	0	2337	58	0	61510	1	144	51	0	37092	0	1491	0	30256	51
sqlite	group_update_36	100	1929123	1272333	4626125	1868583	2416833	2790750	518.3701598268424	NA	NA	NA	NA	NA	NA	NA	NA	NA	NA	NA	NA	NA	NA	NA	NA	NA	NA	NA	NA	NA	NA	NA	NA	NA	NA	NA	NA	NA	NA
isam_individual	group_delete_36	100	352830497	315449000	418582333	350430708	383941458	411647375	2.834222115256173	0	0	36	180	36	684	250	1445894	869406	1153231	4454351	72	328517230	168062157	0	0	50828	357	0	522513	36	108	105	0	118080	0	14230	0	81296	105
isam_bulk	group_delete_36	100	11050942	7243916	36866958	10500084	14778459	19398000	90.49002264747186	0	0	1	5	1	63	5	29268	22104	79264	69313	2	9760538	4775848	0	0	2431	60	0	51415	1	108	53	0	38305	0	1616	0	31430	53
sqlite	group_delete_36	100	2245054	1392292	21050042	1978291	3164250	5093250	445.42347732897395	NA	NA	NA	NA	NA	NA	NA	NA	NA	NA	NA	NA	NA	NA	NA	NA	NA	NA	NA	NA	NA	NA	NA	NA	NA	NA	NA	NA	NA	NA
