# schema=isam-commit-benchmark-v1	revision=b1790aa+v6-packed-fd7df919e8c0	host=macos-aarch64
# native_format	version=3	compression=none
# control	direct engines; BLOB keys/values; SQLite WITHOUT ROWID; no secondary indexes; SQLite WAL/FULL/fullfsync=ON/checkpoint_fullfsync=ON; page_size=4096; autocheckpoint=1000; ISAM sync_all unchanged; matching requested durability, not proven identical crash guarantees
# workload	warm retained handles; mixed: one 36-row chapter/read and one changed record/write; bounded thread workers, not separate-host qualification; checkpoint costs inside operations retained; setup and verification excluded
backend	workload	workers	samples	elapsed_ns	p50_ns	p95_ns	p99_ns	chapters_s	writes_s	syncs
isam	read_36	1	100	10521042	60166	151250	476792	9504.761980800002	0	0
sqlite_strict	read_36	1	100	756088	6291	6875	57208	132259.73696183512	0	NA
sqlite_strict	insert_36	1	100	533155996	5011875	8738708	12216208	0	187.5623658933773	NA
isam	insert_36	1	100	1031898166	10006500	13817583	17263375	0	96.90878741226487	200
isam	update_36	1	100	953650622	9086583	12554333	14153333	0	104.86020529224801	200
sqlite_strict	update_36	1	100	499032450	4974500	6208917	7264625	0	200.3877703744516	NA
sqlite_strict	delete_36	1	100	516011710	5040417	6054458	8081167	0	193.79405168925334	NA
isam	delete_36	1	100	524626874	4973708	8987334	9036833	0	190.6116612699486	200
isam	read_only_reads	4	400	7664208	66459	120292	168458	52190.65035813225	0	0
sqlite_strict	read_only_reads	4	400	1726792	12542	28792	58541	231643.41738900807	0	NA
sqlite_strict	write_only_writes	4	400	2059159042	4913333	6915625	12713791	0	194.25405801170746	NA
isam	write_only_writes	4	400	3881914083	9963708	157179708	460269666	0	103.04195081279958	800
isam	mixed_reads	4	400	3907563625	49791	85958	1337167	102.36557568528396	102.36557568528396	800
isam	mixed_writes	4	400	3907563625	9976000	72085417	193988750	0	102.36557568528396	800
sqlite_strict	mixed_reads	4	400	2126738791	8416	22125	39000	188.08139565269252	188.08139565269252	NA
sqlite_strict	mixed_writes	4	400	2126738791	4958875	7602000	9559000	0	188.08139565269252	NA
isam	read_only_reads	10	400	6042541	73916	504708	872292	66197.31665867058	0	0
sqlite_strict	read_only_reads	10	400	1834584	18500	103834	373875	218033.07997889438	0	NA
sqlite_strict	write_only_writes	10	400	2194764834	4911917	8003916	1193006291	0	182.25187218395172	NA
isam	write_only_writes	10	400	3818945875	9988834	480026625	1056931875	0	104.74094503892387	800
isam	mixed_reads	10	400	3788422500	69791	126125	161959	105.58484435144179	105.58484435144179	800
isam	mixed_writes	10	400	3788422500	9887458	236055292	474193917	0	105.58484435144179	800
sqlite_strict	mixed_reads	10	400	2193512583	7250	24459	260542	182.3559176728917	182.3559176728917	NA
sqlite_strict	mixed_writes	10	400	2193512583	4909000	7693542	14702792	0	182.3559176728917	NA
isam	read_only_reads	30	400	5693417	89541	1885167	2306917	70256.5787821268	0	0
sqlite_strict	read_only_reads	30	400	2899708	31208	957000	1545709	137944.9241096	0	NA
sqlite_strict	write_only_writes	30	400	3135242167	4885542	896380750	2649981083	0	127.58185131923814	NA
isam	write_only_writes	30	400	3658603458	9987125	1065211541	1652104417	0	109.3313349183414	800
isam	mixed_reads	30	400	3863716750	103833	731208	1413667	103.52725778876001	103.52725778876001	800
isam	mixed_writes	30	400	3863716750	9905500	635615292	1122480958	0	103.52725778876001	800
sqlite_strict	mixed_reads	30	400	2663496833	33542	269416	1099459	150.1785153427288	150.1785153427288	NA
sqlite_strict	mixed_writes	30	400	2663496833	4736625	8078333	1715802708	0	150.1785153427288	NA
