# schema=isam-benchmark-v5	run_revision=27e99ba	host=macos-aarch64	peak_rss_bytes=8683520
# disk_growth_bytes	isam=7991296	sqlite=196608	flat_file=10008
backend	workload	samples	mean_ns	low_ns	high_ns	p50_ns	p95_ns	p99_ns	throughput_ops_s	avg_file_opens	avg_file_closes	avg_file_stats	avg_root_reads	avg_root_writes	avg_page_reads	avg_page_writes	avg_root_read_ns	avg_root_write_ns	avg_page_read_ns	avg_page_write_ns	avg_syncs	avg_sync_ns	avg_publication_ns	avg_lock_requests	avg_lock_retries	avg_lock_wait_ns
isam	open_existing	100	76148	59084	279334	68167	118334	246333	13132.255735447032	2	2	3	1	0	1	0	1899	0	636	0	0	0	0	1	0	647
sqlite	open_existing	100	28325427	25182417	52904708	27744959	31212291	35499334	35.30396796914481	NA	NA	NA	NA	NA	NA	NA	NA	NA	NA	NA	NA	NA	NA	NA	NA	NA
isam	point_read	100	31976	30166	54542	31166	34833	44417	31273.112784917605	0	0	0	1	0	2	0	723	0	1024	0	0	0	0	1	0	593
sqlite	point_read	100	731598	447792	1549292	657542	1107000	1473792	1366.8695132918015	NA	NA	NA	NA	NA	NA	NA	NA	NA	NA	NA	NA	NA	NA	NA	NA	NA
isam	range_36	100	41880	39000	88250	39625	48458	71041	23877.734537853612	0	0	0	1	0	3	0	730	0	1666	0	0	0	0	1	0	574
sqlite	range_36	100	709085	446917	1873792	660166	1106208	1416458	1410.2680829368505	NA	NA	NA	NA	NA	NA	NA	NA	NA	NA	NA	NA	NA	NA	NA	NA	NA
flat_file	point_read	100	677	583	4000	625	750	917	1476973.9757185478	NA	NA	NA	NA	NA	NA	NA	NA	NA	NA	NA	NA	NA	NA	NA	NA	NA
flat_file	range_36	100	18208	14833	106709	15833	25958	70666	54918.68190769927	NA	NA	NA	NA	NA	NA	NA	NA	NA	NA	NA	NA	NA	NA	NA	NA	NA
isam	chunk_insert_36	100	8728445	5976875	16107084	8092667	10973666	13621292	114.56793373225734	0	0	0	1	1	1	3	8798	21309	5884	78880	2	8492659	4351468	3	0	7830
sqlite	chunk_insert_36	100	1112707	755666	1829875	1061750	1686000	1786666	898.7087720833304	NA	NA	NA	NA	NA	NA	NA	NA	NA	NA	NA	NA	NA	NA	NA	NA	NA
isam	chunk_refresh_36	100	9413863	4311917	25576916	8839458	13530792	18025875	106.22631344417559	0	0	0	1	1	3	3	9710	23020	6783	92271	2	9152336	4756025	3	0	10881
sqlite	chunk_refresh_36	100	798996	455375	3538834	672125	1395250	2893375	1251.5703139836976	NA	NA	NA	NA	NA	NA	NA	NA	NA	NA	NA	NA	NA	NA	NA	NA	NA
flat_file	chunk_refresh_36	100	4004357	2789042	6910125	3992000	5041166	5822542	249.72792766600608	NA	NA	NA	NA	NA	NA	NA	NA	NA	NA	NA	NA	NA	NA	NA	NA	NA
isam	chunk_delete_36	100	8062379	4824792	13097125	7915209	11182959	12874417	124.032867975739	0	0	0	1	1	3	2	13684	22507	8175	51430	2	7861487	4093120	3	0	9435
sqlite	chunk_delete_36	100	1120150	736042	2223792	1013500	1683750	1763500	892.7371972379997	NA	NA	NA	NA	NA	NA	NA	NA	NA	NA	NA	NA	NA	NA	NA	NA	NA
isam	same_key_conflict	100	39656	32417	267792	33875	71375	123000	25216.71878542161	0	0	0	1	0	2	0	5935	0	1142	0	0	0	0	2	0	932
sqlite	same_key_conflict	100	733743	428959	1651916	664667	1193459	1263958	1362.8743991444528	NA	NA	NA	NA	NA	NA	NA	NA	NA	NA	NA	NA	NA	NA	NA	NA	NA
isam	disjoint_writers_4	100	35467311	27759333	45196459	35172458	41030334	44731416	28.194976328457912	0	0	0	4	4	8	8	31078	108816	27477	179695	8	32968890	17328393	56	44	55014581
sqlite	disjoint_writers_4	100	3652899	1725542	9569958	3219708	5869458	7188917	273.75516238930385	NA	NA	NA	NA	NA	NA	NA	NA	NA	NA	NA	NA	NA	NA	NA	NA	NA
isam_writer_0	disjoint_writer_latency	100	24335665	7412208	45035250	24176583	38048042	43897584	41.091952850568966	NA	NA	NA	NA	NA	NA	NA	NA	NA	NA	NA	NA	NA	NA	NA	NA	NA
sqlite_writer_0	disjoint_writer_latency	100	2404345	987666	6452041	2337667	4179833	5719209	415.913599639373	NA	NA	NA	NA	NA	NA	NA	NA	NA	NA	NA	NA	NA	NA	NA	NA	NA
isam_writer_1	disjoint_writer_latency	100	24569074	7183750	43976583	25244084	36961125	40258250	40.701574273072815	NA	NA	NA	NA	NA	NA	NA	NA	NA	NA	NA	NA	NA	NA	NA	NA	NA
sqlite_writer_1	disjoint_writer_latency	100	2352100	1086833	9490250	2326708	3878458	6839208	425.151847233758	NA	NA	NA	NA	NA	NA	NA	NA	NA	NA	NA	NA	NA	NA	NA	NA	NA
isam_writer_2	disjoint_writer_latency	100	25882372	6641375	44614750	27142708	37327500	40873209	38.63633442466052	NA	NA	NA	NA	NA	NA	NA	NA	NA	NA	NA	NA	NA	NA	NA	NA	NA
sqlite_writer_2	disjoint_writer_latency	100	2478188	1013917	7087333	2456959	4170000	5722084	403.5206368524099	NA	NA	NA	NA	NA	NA	NA	NA	NA	NA	NA	NA	NA	NA	NA	NA	NA
isam_writer_3	disjoint_writer_latency	100	13869295	6396458	43300292	9024167	35368709	39794375	72.10171801204973	NA	NA	NA	NA	NA	NA	NA	NA	NA	NA	NA	NA	NA	NA	NA	NA	NA
sqlite_writer_3	disjoint_writer_latency	100	2427959	1076250	6963167	2378000	4254542	5696458	411.8685372137577	NA	NA	NA	NA	NA	NA	NA	NA	NA	NA	NA	NA	NA	NA	NA	NA	NA
