# schema=isam-benchmark-v6	run_revision=b1790aa-copilot-handoff	host=macos-aarch64	peak_rss_bytes=15368192
# disk_growth_bytes	isam=12529664	sqlite=196608	flat_file=10008	isam_catalog=59940864	sqlite_catalog=368640
# write_lock_stats	requests count OS byte-range attempts; local_* measures process-local mutex contention; range_* measures byte-range-lock contention; stripe IDs are stable hash buckets
# write_lock_stripe_acquisitions	stripe_00=413	stripe_01=452	stripe_02=406	stripe_03=441	stripe_04=420	stripe_05=411	stripe_06=436	stripe_07=470	stripe_08=431	stripe_09=450	stripe_10=548	stripe_11=453	stripe_12=434	stripe_13=463	stripe_14=450	stripe_15=442	stripe_16=421	stripe_17=406	stripe_18=431	stripe_19=450	stripe_20=462	stripe_21=418	stripe_22=411	stripe_23=459	stripe_24=435	stripe_25=568	stripe_26=451	stripe_27=637	stripe_28=470	stripe_29=434	stripe_30=408	stripe_31=432	stripe_32=433	stripe_33=410	stripe_34=407	stripe_35=435	stripe_36=467	stripe_37=411	stripe_38=425	stripe_39=440	stripe_40=524	stripe_41=469	stripe_42=412	stripe_43=439	stripe_44=439	stripe_45=432	stripe_46=422	stripe_47=430	stripe_48=419	stripe_49=453	stripe_50=404	stripe_51=406	stripe_52=445	stripe_53=418	stripe_54=440	stripe_55=450	stripe_56=433	stripe_57=447	stripe_58=418	stripe_59=446	stripe_60=433	stripe_61=442	stripe_62=444	stripe_63=461
# write_lock_stripe_retries	stripe_00=0	stripe_01=0	stripe_02=0	stripe_03=0	stripe_04=0	stripe_05=0	stripe_06=0	stripe_07=0	stripe_08=0	stripe_09=0	stripe_10=0	stripe_11=0	stripe_12=0	stripe_13=0	stripe_14=0	stripe_15=0	stripe_16=0	stripe_17=0	stripe_18=0	stripe_19=0	stripe_20=0	stripe_21=0	stripe_22=0	stripe_23=0	stripe_24=0	stripe_25=0	stripe_26=0	stripe_27=0	stripe_28=0	stripe_29=0	stripe_30=0	stripe_31=0	stripe_32=0	stripe_33=0	stripe_34=0	stripe_35=0	stripe_36=0	stripe_37=0	stripe_38=0	stripe_39=0	stripe_40=0	stripe_41=0	stripe_42=0	stripe_43=0	stripe_44=0	stripe_45=0	stripe_46=0	stripe_47=0	stripe_48=0	stripe_49=0	stripe_50=0	stripe_51=0	stripe_52=0	stripe_53=0	stripe_54=0	stripe_55=0	stripe_56=0	stripe_57=0	stripe_58=0	stripe_59=0	stripe_60=0	stripe_61=0	stripe_62=0	stripe_63=0
# write_lock_stripe_wait_ns	stripe_00=603966	stripe_01=408750	stripe_02=292147	stripe_03=298889	stripe_04=488325	stripe_05=267344	stripe_06=268120	stripe_07=282876	stripe_08=273963	stripe_09=271577	stripe_10=556493	stripe_11=286140	stripe_12=258465	stripe_13=277489	stripe_14=272102	stripe_15=268839	stripe_16=279067	stripe_17=237531	stripe_18=256963	stripe_19=264038	stripe_20=272281	stripe_21=251954	stripe_22=249212	stripe_23=263517	stripe_24=264214	stripe_25=517662	stripe_26=272211	stripe_27=543336	stripe_28=880129	stripe_29=261464	stripe_30=264923	stripe_31=255587	stripe_32=253715	stripe_33=245443	stripe_34=241765	stripe_35=258180	stripe_36=279427	stripe_37=244203	stripe_38=255875	stripe_39=256765	stripe_40=514167	stripe_41=329341	stripe_42=268132	stripe_43=294582	stripe_44=270490	stripe_45=257757	stripe_46=250435	stripe_47=283361	stripe_48=253589	stripe_49=270793	stripe_50=242129	stripe_51=247749	stripe_52=267618	stripe_53=266375	stripe_54=293295	stripe_55=267591	stripe_56=269972	stripe_57=269818	stripe_58=255406	stripe_59=283948	stripe_60=282127	stripe_61=267833	stripe_62=272992	stripe_63=280259
backend	workload	samples	mean_ns	low_ns	high_ns	p50_ns	p95_ns	p99_ns	throughput_ops_s	avg_file_opens	avg_file_closes	avg_file_stats	avg_root_reads	avg_root_writes	avg_page_reads	avg_page_writes	avg_root_read_ns	avg_root_write_ns	avg_page_read_ns	avg_page_write_ns	avg_syncs	avg_sync_ns	avg_publication_ns	avg_lock_requests	avg_lock_retries	avg_lock_wait_ns	avg_write_lock_batches	avg_write_lock_keys	avg_write_lock_requests	avg_write_lock_retries	avg_write_lock_wait_ns	avg_write_lock_local_retries	avg_write_lock_local_wait_ns	avg_write_lock_range_retries	avg_write_lock_range_wait_ns	avg_write_lock_stripes_acquired
isam	open_existing	100	78030	68541	219000	72834	113125	152875	12815.455644554624	2	2	3	1	0	1	0	2925	0	617	0	0	0	0	1	0	574	0	0	0	0	0	0	0	0	0	0
sqlite	open_existing	100	28427145	24569584	87573834	26459792	33747292	80087917	35.17764341438449	NA	NA	NA	NA	NA	NA	NA	NA	NA	NA	NA	NA	NA	NA	NA	NA	NA	NA	NA	NA	NA	NA	NA	NA	NA	NA	NA
isam	point_read	100	32960	30625	166625	31792	32292	35000	30339.097053861304	0	0	0	1	0	2	0	649	0	2270	0	0	0	0	1	0	501	0	0	0	0	0	0	0	0	0	0
sqlite	point_read	100	662899	466041	1538292	635042	940333	1221459	1508.5232240997084	NA	NA	NA	NA	NA	NA	NA	NA	NA	NA	NA	NA	NA	NA	NA	NA	NA	NA	NA	NA	NA	NA	NA	NA	NA	NA	NA
isam	range_36	100	44970	39292	196875	40125	51792	170417	22237.01230618498	0	0	0	1	0	3	0	757	0	4541	0	0	0	0	1	0	517	0	0	0	0	0	0	0	0	0	0
sqlite	range_36	100	687254	460042	1389417	634292	1062500	1175750	1455.06491801233	NA	NA	NA	NA	NA	NA	NA	NA	NA	NA	NA	NA	NA	NA	NA	NA	NA	NA	NA	NA	NA	NA	NA	NA	NA	NA	NA
isam	result_json_serialization_36	100	1647	1541	2250	1625	1792	2125	606965.5364968377	0	0	0	0	0	0	0	0	0	0	0	0	0	0	0	0	0	0	0	0	0	0	0	0	0	0	0
sqlite	result_json_serialization_36	100	1847	1666	6292	1750	2041	2250	541395.0668081512	NA	NA	NA	NA	NA	NA	NA	NA	NA	NA	NA	NA	NA	NA	NA	NA	NA	NA	NA	NA	NA	NA	NA	NA	NA	NA	NA
flat_file	point_read	100	2465	583	185250	584	708	1792	405541.31654933	NA	NA	NA	NA	NA	NA	NA	NA	NA	NA	NA	NA	NA	NA	NA	NA	NA	NA	NA	NA	NA	NA	NA	NA	NA	NA	NA
flat_file	range_36	100	19719	14958	325708	15292	16000	128792	50712.073581190285	NA	NA	NA	NA	NA	NA	NA	NA	NA	NA	NA	NA	NA	NA	NA	NA	NA	NA	NA	NA	NA	NA	NA	NA	NA	NA	NA
isam	chunk_insert_36	100	10089960	6725500	20886875	9638625	13019791	19189125	99.10841180762158	0	0	1	2	1	1	3	21736	24579	5628	110433	2	9600349	4913932	38	0	45434	1	36	34	0	36548	0	1197	0	31598	34
sqlite	chunk_insert_36	100	1056763	735583	2472000	975375	1401958	2008292	946.2856471480994	NA	NA	NA	NA	NA	NA	NA	NA	NA	NA	NA	NA	NA	NA	NA	NA	NA	NA	NA	NA	NA	NA	NA	NA	NA	NA	NA
isam	chunk_refresh_36	100	9702593	7031834	16191291	9164209	12881291	15589209	103.06522407674214	0	0	1	2	1	3	3	18532	23272	10728	122750	2	9234780	4592109	38	0	34017	1	36	34	0	26652	0	1157	0	21790	34
sqlite	chunk_refresh_36	100	1826082	554083	17406625	1030209	4457708	6553000	547.6205160243455	NA	NA	NA	NA	NA	NA	NA	NA	NA	NA	NA	NA	NA	NA	NA	NA	NA	NA	NA	NA	NA	NA	NA	NA	NA	NA	NA
flat_file	chunk_refresh_36	100	5076212	2765416	10916625	4900042	7382708	9956792	196.99725243795083	NA	NA	NA	NA	NA	NA	NA	NA	NA	NA	NA	NA	NA	NA	NA	NA	NA	NA	NA	NA	NA	NA	NA	NA	NA	NA	NA
isam	chunk_delete_36	100	10482984	5989541	36041292	9828250	14884458	29147500	95.39268080349056	0	0	1	2	1	3	2	36934	35853	8892	94420	2	9916855	5033582	38	0	37572	1	36	34	0	29622	0	1132	0	22398	34
sqlite	chunk_delete_36	100	1003037	760250	2054333	976458	1247625	1367667	996.971261126972	NA	NA	NA	NA	NA	NA	NA	NA	NA	NA	NA	NA	NA	NA	NA	NA	NA	NA	NA	NA	NA	NA	NA	NA	NA	NA	NA
isam_catalog	catalog_insert_1	100	9862082	6780167	16331834	9601667	12530667	15786458	101.39845833459474	0	0	1	3	1	16	9	42100	25425	49911	134379	2	9218841	4799864	7	0	10850	1	3	2	0	3078	0	390	0	2179	2
sqlite	catalog_insert_1	100	1065337	737250	1918333	1017334	1476875	1828208	938.6692739144419	NA	NA	NA	NA	NA	NA	NA	NA	NA	NA	NA	NA	NA	NA	NA	NA	NA	NA	NA	NA	NA	NA	NA	NA	NA	NA	NA
isam_catalog	catalog_update_1	100	10054628	7825000	16194000	9876084	12128250	14981125	99.45668058604352	0	0	1	4	1	36	12	29121	21965	259660	155153	2	8995907	4586337	9	0	13621	1	6	3	0	3975	0	473	0	2919	3
sqlite	catalog_update_1	100	1057299	764292	1945625	1008916	1409792	1572125	945.8060867880366	NA	NA	NA	NA	NA	NA	NA	NA	NA	NA	NA	NA	NA	NA	NA	NA	NA	NA	NA	NA	NA	NA	NA	NA	NA	NA	NA
isam_catalog	catalog_delete_1	100	10553055	7001250	33984666	9879791	15132625	18054833	94.75928280909945	0	0	1	4	1	34	8	28047	21741	49483	128341	2	9656184	5116450	8	0	12036	1	3	2	0	3228	0	400	0	2240	2
sqlite	catalog_delete_1	100	938505	712167	2671125	886458	1160875	1550000	1065.5234707969425	NA	NA	NA	NA	NA	NA	NA	NA	NA	NA	NA	NA	NA	NA	NA	NA	NA	NA	NA	NA	NA	NA	NA	NA	NA	NA	NA
isam_catalog	catalog_insert_36	100	11376284	6889333	28632666	10261542	15373583	17923042	87.90216087957033	0	0	1	3	1	19	48	22630	23032	31734	290720	2	9975010	5216332	58	0	51268	1	108	53	0	41343	0	1978	0	33907	53
sqlite	catalog_insert_36	100	1193527	848042	2489458	1101041	1867209	1958625	837.8527950953572	NA	NA	NA	NA	NA	NA	NA	NA	NA	NA	NA	NA	NA	NA	NA	NA	NA	NA	NA	NA	NA	NA	NA	NA	NA	NA	NA
isam_catalog	catalog_update_36	100	20273965	14572042	71011000	18148292	33255833	53786791	49.3243418964544	0	0	1	4	1	785	55	48369	25944	1972757	335989	2	10445125	5030784	62	0	53283	1	216	56	0	37872	0	1668	0	30666	56
sqlite	catalog_update_36	100	1284406	814084	9880458	1109750	1997833	2126750	778.5696038267257	NA	NA	NA	NA	NA	NA	NA	NA	NA	NA	NA	NA	NA	NA	NA	NA	NA	NA	NA	NA	NA	NA	NA	NA	NA	NA	NA
isam_catalog	catalog_delete_36	100	15141239	11883375	34246292	14850417	17984583	33143375	66.04478906492095	0	0	1	4	1	777	10	27391	21833	691466	67015	2	8310167	4125151	59	0	44311	1	108	53	0	33186	0	1529	0	26680	53
sqlite	catalog_delete_36	100	1806100	853583	14927375	1261375	5496333	7751875	553.678949958502	NA	NA	NA	NA	NA	NA	NA	NA	NA	NA	NA	NA	NA	NA	NA	NA	NA	NA	NA	NA	NA	NA	NA	NA	NA	NA	NA
isam	same_key_conflict	100	37023	34583	200125	34917	37042	48583	27009.711611907176	0	0	0	1	0	2	0	778	0	1117	0	0	0	0	3	0	1492	1	1	1	0	589	0	27	0	459	1
sqlite	same_key_conflict	100	720335	526750	1792709	671958	990666	1741625	1388.2428931959216	NA	NA	NA	NA	NA	NA	NA	NA	NA	NA	NA	NA	NA	NA	NA	NA	NA	NA	NA	NA	NA	NA	NA	NA	NA	NA	NA
isam	disjoint_writers_4	100	65337690	54875834	87548292	64238875	75278167	79905167	15.305101846223044	0	0	9	19	4	19	19	1105513	141909	144945	1647725	13	99652009	81700464	85	49	64783138	4	4	4	0	12050	0	807	0	9442	4
sqlite	disjoint_writers_4	100	4311975	2164917	9904209	3689167	7457833	9536959	231.91228969596395	NA	NA	NA	NA	NA	NA	NA	NA	NA	NA	NA	NA	NA	NA	NA	NA	NA	NA	NA	NA	NA	NA	NA	NA	NA	NA	NA
isam_writer_0	disjoint_writer_latency	100	44386299	11257625	74647292	43572292	67131291	73219334	22.529474189677778	NA	NA	NA	NA	NA	NA	NA	NA	NA	NA	NA	NA	NA	NA	NA	NA	NA	NA	NA	NA	NA	NA	NA	NA	NA	NA	NA
sqlite_writer_0	disjoint_writer_latency	100	2595420	1044417	6398500	2468500	5408041	6100917	385.2939717679618	NA	NA	NA	NA	NA	NA	NA	NA	NA	NA	NA	NA	NA	NA	NA	NA	NA	NA	NA	NA	NA	NA	NA	NA	NA	NA	NA
isam_writer_1	disjoint_writer_latency	100	46461779	14375000	87428500	49765250	72779917	79793083	21.523067324159754	NA	NA	NA	NA	NA	NA	NA	NA	NA	NA	NA	NA	NA	NA	NA	NA	NA	NA	NA	NA	NA	NA	NA	NA	NA	NA	NA
sqlite_writer_1	disjoint_writer_latency	100	2718760	1082917	8209125	2376625	5865917	6660625	367.8147336607169	NA	NA	NA	NA	NA	NA	NA	NA	NA	NA	NA	NA	NA	NA	NA	NA	NA	NA	NA	NA	NA	NA	NA	NA	NA	NA	NA
isam_writer_2	disjoint_writer_latency	100	44718711	10939667	75227958	46166875	73128000	75171417	22.36200399841308	NA	NA	NA	NA	NA	NA	NA	NA	NA	NA	NA	NA	NA	NA	NA	NA	NA	NA	NA	NA	NA	NA	NA	NA	NA	NA	NA
sqlite_writer_2	disjoint_writer_latency	100	2925828	1010958	9521083	2535875	6256458	8682792	341.7835441066879	NA	NA	NA	NA	NA	NA	NA	NA	NA	NA	NA	NA	NA	NA	NA	NA	NA	NA	NA	NA	NA	NA	NA	NA	NA	NA	NA
isam_writer_3	disjoint_writer_latency	100	45039315	10896458	77684250	48478792	68186375	72458542	22.202824137772907	NA	NA	NA	NA	NA	NA	NA	NA	NA	NA	NA	NA	NA	NA	NA	NA	NA	NA	NA	NA	NA	NA	NA	NA	NA	NA	NA
sqlite_writer_3	disjoint_writer_latency	100	2716324	1009625	6437792	2511500	5392458	6210125	368.1444612413627	NA	NA	NA	NA	NA	NA	NA	NA	NA	NA	NA	NA	NA	NA	NA	NA	NA	NA	NA	NA	NA	NA	NA	NA	NA	NA	NA
