# schema=isam-benchmark-v1	run_revision=fc0f9fe	host=macos-aarch64	peak_rss_bytes=9256960
backend	workload	samples	mean_ns	low_ns	high_ns	p50_ns	p95_ns	p99_ns	throughput_ops_s	avg_file_opens	avg_file_closes	avg_root_reads	avg_root_writes	avg_page_reads	avg_page_writes	avg_syncs	avg_lock_requests	avg_lock_retries	avg_lock_wait_ns
isam	open_existing	100	64902	57375	211459	58333	91709	211208	15407.731723040475	2	2	1	0	1	0	0	1	0	563
sqlite	open_existing	100	28578149	24831750	84461917	27397250	32671292	45543541	34.99176911709626	NA	NA	NA	NA	NA	NA	NA	NA	NA	NA
isam	point_read	100	30764	29666	51250	29917	32708	39833	32504.543322542908	0	0	1	0	2	0	0	1	0	435
sqlite	point_read	100	670306	439042	1444041	628458	1006458	1319417	1491.855424171495	NA	NA	NA	NA	NA	NA	NA	NA	NA	NA
isam	range_36	100	40544	38708	58167	39084	47750	54375	24664.203041638848	0	0	1	0	3	0	0	1	0	448
sqlite	range_36	100	655040	427000	1252833	614250	972500	1072625	1526.6234193589191	NA	NA	NA	NA	NA	NA	NA	NA	NA	NA
flat_file	point_read	100	716	542	13000	583	625	1042	1396199.5448389484	NA	NA	NA	NA	NA	NA	NA	NA	NA	NA
flat_file	range_36	100	15125	14916	16750	15000	15667	16458	66112.16192719596	NA	NA	NA	NA	NA	NA	NA	NA	NA	NA
isam	chunk_insert_36	100	9278901	6982208	14346375	9010916	11667959	12989291	107.77138068176835	0	0	1	1	1	3	2	3	0	7814
sqlite	chunk_insert_36	100	1052467	665458	2615667	988959	1426833	1743583	950.1480862801353	NA	NA	NA	NA	NA	NA	NA	NA	NA	NA
isam	chunk_refresh_36	100	9027667	6725792	14289417	8706292	11854667	14001916	110.77058313830953	0	0	1	1	3	3	2	3	0	7472
sqlite	chunk_refresh_36	100	774462	511417	1682750	680333	1274125	1532083	1291.2181028778023	NA	NA	NA	NA	NA	NA	NA	NA	NA	NA
flat_file	chunk_refresh_36	100	4571189	2810375	9208166	4227875	6349459	9051625	218.7614362326197	NA	NA	NA	NA	NA	NA	NA	NA	NA	NA
isam	chunk_delete_36	100	9131342	6942625	17654833	8252750	13060541	17633708	109.51291755676576	0	0	1	1	3	2	2	3	0	8002
sqlite	chunk_delete_36	100	1051378	624583	3509167	963833	1441583	2335750	951.1320254475373	NA	NA	NA	NA	NA	NA	NA	NA	NA	NA
isam	same_key_conflict	100	33173	31000	57334	33042	34584	44584	30144.297738846082	0	0	1	0	2	0	0	2	0	906
sqlite	same_key_conflict	100	746383	449625	3245500	627208	1304417	2015833	1339.794160188282	NA	NA	NA	NA	NA	NA	NA	NA	NA	NA
isam	disjoint_writers_4	100	37281556	31998916	63369500	36107583	49714833	50445084	26.82291459319949	0	0	4	4	8	8	8	57	45	57177848
sqlite	disjoint_writers_4	100	3940041	2653333	12079208	3467417	5921292	6798333	253.80445131485197	NA	NA	NA	NA	NA	NA	NA	NA	NA	NA
