# schema=isam-benchmark-v6	run_revision=b1790aa+diff-a6d12799e6c4bc64c0c5eee61f6013dbc975e4a2	host=macos-aarch64	peak_rss_bytes=15155200
# disk_growth_bytes	isam=12546048	sqlite=196608	flat_file=10008	isam_catalog=52346880	sqlite_catalog=368640
# write_lock_stats	requests count OS byte-range attempts; local_* measures process-local mutex contention; range_* measures byte-range-lock contention; stripe IDs are stable hash buckets
# durability	ISAM retains two File::sync_all calls per commit; SQLite retains BriskDB WAL/FULL defaults; macOS flush primitives differ, so these are default-policy comparisons, not identical power-loss guarantees
# group_workloads	36 separate native commits vs one explicit native bulk commit vs one SQLite statement; not automatic group commit; verification excluded from timings; per-workload phase counters overlap; disk_growth_bytes excludes these separate group fixtures
# write_lock_stripe_acquisitions	stripe_00=1123	stripe_01=1146	stripe_02=1145	stripe_03=1173	stripe_04=1138	stripe_05=1163	stripe_06=1169	stripe_07=1215	stripe_08=1131	stripe_09=1211	stripe_10=1371	stripe_11=1191	stripe_12=1141	stripe_13=1219	stripe_14=1194	stripe_15=1164	stripe_16=1148	stripe_17=1164	stripe_18=1197	stripe_19=1197	stripe_20=1176	stripe_21=1194	stripe_22=1100	stripe_23=1195	stripe_24=1166	stripe_25=1288	stripe_26=1161	stripe_27=1437	stripe_28=1231	stripe_29=1238	stripe_30=1116	stripe_31=1211	stripe_32=1078	stripe_33=1116	stripe_34=1107	stripe_35=1204	stripe_36=1173	stripe_37=1159	stripe_38=1137	stripe_39=1197	stripe_40=1184	stripe_41=1164	stripe_42=1102	stripe_43=1179	stripe_44=1107	stripe_45=1180	stripe_46=1124	stripe_47=1181	stripe_48=1149	stripe_49=1246	stripe_50=1115	stripe_51=1120	stripe_52=1176	stripe_53=1185	stripe_54=1144	stripe_55=1245	stripe_56=1176	stripe_57=1234	stripe_58=1104	stripe_59=1175	stripe_60=1159	stripe_61=1178	stripe_62=1203	stripe_63=1220
# write_lock_stripe_retries	stripe_00=0	stripe_01=0	stripe_02=0	stripe_03=0	stripe_04=0	stripe_05=0	stripe_06=0	stripe_07=0	stripe_08=0	stripe_09=0	stripe_10=0	stripe_11=0	stripe_12=0	stripe_13=0	stripe_14=0	stripe_15=0	stripe_16=0	stripe_17=0	stripe_18=0	stripe_19=0	stripe_20=0	stripe_21=0	stripe_22=0	stripe_23=0	stripe_24=0	stripe_25=0	stripe_26=0	stripe_27=0	stripe_28=0	stripe_29=0	stripe_30=0	stripe_31=0	stripe_32=0	stripe_33=0	stripe_34=0	stripe_35=0	stripe_36=0	stripe_37=0	stripe_38=0	stripe_39=0	stripe_40=0	stripe_41=0	stripe_42=0	stripe_43=0	stripe_44=0	stripe_45=0	stripe_46=0	stripe_47=0	stripe_48=0	stripe_49=0	stripe_50=0	stripe_51=0	stripe_52=0	stripe_53=0	stripe_54=0	stripe_55=0	stripe_56=0	stripe_57=0	stripe_58=0	stripe_59=0	stripe_60=0	stripe_61=0	stripe_62=0	stripe_63=0
# write_lock_stripe_wait_ns	stripe_00=1703010	stripe_01=1206650	stripe_02=1099103	stripe_03=1067138	stripe_04=1016600	stripe_05=1015029	stripe_06=1054563	stripe_07=959751	stripe_08=979335	stripe_09=1022092	stripe_10=1310823	stripe_11=978273	stripe_12=871674	stripe_13=952697	stripe_14=942724	stripe_15=1008169	stripe_16=933871	stripe_17=919490	stripe_18=926009	stripe_19=948843	stripe_20=873469	stripe_21=929331	stripe_22=859748	stripe_23=884770	stripe_24=927368	stripe_25=1140832	stripe_26=2138839	stripe_27=1194130	stripe_28=848174	stripe_29=907138	stripe_30=817861	stripe_31=918249	stripe_32=748623	stripe_33=799009	stripe_34=806740	stripe_35=828290	stripe_36=816626	stripe_37=800518	stripe_38=784806	stripe_39=826811	stripe_40=1000596	stripe_41=796121	stripe_42=859907	stripe_43=809885	stripe_44=766050	stripe_45=994706	stripe_46=770740	stripe_47=910839	stripe_48=820108	stripe_49=863373	stripe_50=769982	stripe_51=781443	stripe_52=807486	stripe_53=822223	stripe_54=760588	stripe_55=854355	stripe_56=790642	stripe_57=808530	stripe_58=745378	stripe_59=786464	stripe_60=765085	stripe_61=760160	stripe_62=786250	stripe_63=779673
backend	workload	samples	mean_ns	low_ns	high_ns	p50_ns	p95_ns	p99_ns	throughput_ops_s	avg_file_opens	avg_file_closes	avg_file_stats	avg_root_reads	avg_root_writes	avg_page_reads	avg_page_writes	avg_root_read_ns	avg_root_write_ns	avg_page_read_ns	avg_page_write_ns	avg_syncs	avg_sync_ns	avg_publication_ns	avg_lock_requests	avg_lock_retries	avg_lock_wait_ns	avg_write_lock_batches	avg_write_lock_keys	avg_write_lock_requests	avg_write_lock_retries	avg_write_lock_wait_ns	avg_write_lock_local_retries	avg_write_lock_local_wait_ns	avg_write_lock_range_retries	avg_write_lock_range_wait_ns	avg_write_lock_stripes_acquired
isam	open_existing	100	76381	69500	149667	72875	90083	132667	13092.146322540473	2	2	3	1	0	1	0	1092	0	626	0	0	0	0	1	0	581	0	0	0	0	0	0	0	0	0	0
sqlite	open_existing	100	26769661	24776500	33369375	26374459	28900750	31589750	37.355720459212435	NA	NA	NA	NA	NA	NA	NA	NA	NA	NA	NA	NA	NA	NA	NA	NA	NA	NA	NA	NA	NA	NA	NA	NA	NA	NA	NA
isam	point_read	100	31369	30500	59667	30834	31500	42625	31878.331883400537	0	0	0	1	0	2	0	730	0	1058	0	0	0	0	1	0	480	0	0	0	0	0	0	0	0	0	0
sqlite	point_read	100	660461	463042	1375917	628958	913750	1091416	1514.092613835312	NA	NA	NA	NA	NA	NA	NA	NA	NA	NA	NA	NA	NA	NA	NA	NA	NA	NA	NA	NA	NA	NA	NA	NA	NA	NA	NA
isam	range_36	100	43467	40208	77750	42166	51375	59958	23005.72037237059	0	0	0	1	0	3	0	753	0	1758	0	0	0	0	1	0	706	0	0	0	0	0	0	0	0	0	0
sqlite	range_36	100	662976	479750	1753334	619708	892750	1119042	1508.3495443200609	NA	NA	NA	NA	NA	NA	NA	NA	NA	NA	NA	NA	NA	NA	NA	NA	NA	NA	NA	NA	NA	NA	NA	NA	NA	NA	NA
isam	result_json_serialization_36	100	1647	1541	2125	1625	1709	1875	607112.9351481963	0	0	0	0	0	0	0	0	0	0	0	0	0	0	0	0	0	0	0	0	0	0	0	0	0	0	0
sqlite	result_json_serialization_36	100	1897	1666	8833	1792	2084	2583	526889.8220693071	NA	NA	NA	NA	NA	NA	NA	NA	NA	NA	NA	NA	NA	NA	NA	NA	NA	NA	NA	NA	NA	NA	NA	NA	NA	NA	NA
flat_file	point_read	100	693	541	8917	625	666	750	1441482.997708042	NA	NA	NA	NA	NA	NA	NA	NA	NA	NA	NA	NA	NA	NA	NA	NA	NA	NA	NA	NA	NA	NA	NA	NA	NA	NA	NA
flat_file	range_36	100	16274	15041	40875	15750	16667	25625	61444.00791890374	NA	NA	NA	NA	NA	NA	NA	NA	NA	NA	NA	NA	NA	NA	NA	NA	NA	NA	NA	NA	NA	NA	NA	NA	NA	NA	NA
isam	chunk_insert_36	100	9705912	7817084	16078041	9047833	13167583	15464666	103.02998354369042	0	0	1	2	1	1	3	39569	26897	21572	131710	2	9166827	4693165	38	0	33873	1	36	34	0	26386	0	1325	0	21562	34
sqlite	chunk_insert_36	100	1059179	684791	2153750	972834	1492833	1717375	944.1273550761206	NA	NA	NA	NA	NA	NA	NA	NA	NA	NA	NA	NA	NA	NA	NA	NA	NA	NA	NA	NA	NA	NA	NA	NA	NA	NA	NA
isam	chunk_refresh_36	100	9484070	6091458	16837875	9071833	11694625	12999834	105.43995483846466	0	0	1	2	1	3	3	23159	24123	6721	151871	2	8963045	4715323	38	0	37240	1	36	34	0	28692	0	1724	0	23078	34
sqlite	chunk_refresh_36	100	827105	482125	2418000	754709	1436833	1702709	1209.0362791163743	NA	NA	NA	NA	NA	NA	NA	NA	NA	NA	NA	NA	NA	NA	NA	NA	NA	NA	NA	NA	NA	NA	NA	NA	NA	NA	NA
flat_file	chunk_refresh_36	100	4240306	3176334	6915333	4022333	5133709	5845208	235.83202330216602	NA	NA	NA	NA	NA	NA	NA	NA	NA	NA	NA	NA	NA	NA	NA	NA	NA	NA	NA	NA	NA	NA	NA	NA	NA	NA	NA
isam	chunk_delete_36	100	9175110	6925166	13714500	8985875	11860333	13081167	108.99051428197585	0	0	1	2	1	3	2	20242	24825	5405	128420	2	8685633	4352726	38	0	33580	1	36	34	0	24198	0	1045	0	20080	34
sqlite	chunk_delete_36	100	1103699	726709	2932583	1043708	1454708	2299042	906.0433417067443	NA	NA	NA	NA	NA	NA	NA	NA	NA	NA	NA	NA	NA	NA	NA	NA	NA	NA	NA	NA	NA	NA	NA	NA	NA	NA	NA
isam_catalog	catalog_insert_1	100	9827146	7396584	15900000	9786666	12314666	14661708	101.75893701018819	0	0	1	3	1	16	9	27694	25689	52941	179979	2	9157614	4732818	7	0	11080	1	3	2	0	2910	0	384	0	2005	2
sqlite	catalog_insert_1	100	1069165	767083	1856209	1049292	1374375	1846666	935.3092339498434	NA	NA	NA	NA	NA	NA	NA	NA	NA	NA	NA	NA	NA	NA	NA	NA	NA	NA	NA	NA	NA	NA	NA	NA	NA	NA	NA
isam_catalog	catalog_update_1	100	10684274	7898459	21483250	10035708	14644458	17035084	93.59549816735522	0	0	1	4	1	33	9	17205	19093	338312	155269	2	9628133	5020453	8	0	12375	1	4	2	0	3472	0	633	0	2217	2
sqlite	catalog_update_1	100	1316923	795583	9889209	1129375	1736417	4998875	759.3454062925056	NA	NA	NA	NA	NA	NA	NA	NA	NA	NA	NA	NA	NA	NA	NA	NA	NA	NA	NA	NA	NA	NA	NA	NA	NA	NA	NA
isam_catalog	catalog_delete_1	100	9186470	6036000	15960833	9002833	11824792	13153583	108.85573589240222	0	0	1	4	1	34	8	22001	26422	34616	183717	2	8393008	4153493	8	0	11036	1	3	2	0	3022	0	447	0	2022	2
sqlite	catalog_delete_1	100	971901	722250	1672667	923791	1332709	1448000	1028.9110844673442	NA	NA	NA	NA	NA	NA	NA	NA	NA	NA	NA	NA	NA	NA	NA	NA	NA	NA	NA	NA	NA	NA	NA	NA	NA	NA	NA
isam_catalog	catalog_insert_36	100	9905547	6986667	15980375	9950083	11076375	13021500	100.953535724302	0	0	1	3	1	19	48	22424	24538	25831	264576	2	8627609	4198749	58	0	47275	1	108	53	0	38760	0	2002	0	31465	53
sqlite	catalog_insert_36	100	1240289	806917	3194167	1136792	1844500	2314875	806.263298406061	NA	NA	NA	NA	NA	NA	NA	NA	NA	NA	NA	NA	NA	NA	NA	NA	NA	NA	NA	NA	NA	NA	NA	NA	NA	NA	NA
isam_catalog	catalog_update_36	100	16829853	12947459	37291334	16013208	22116084	32556500	59.41822429417452	0	0	1	4	1	770	40	22416	23375	1254659	256024	2	8564974	4151655	55	0	48097	1	144	49	0	34129	0	1698	0	28206	49
sqlite	catalog_update_36	100	1251919	983542	2528500	1204250	1601791	1808291	798.7733588987669	NA	NA	NA	NA	NA	NA	NA	NA	NA	NA	NA	NA	NA	NA	NA	NA	NA	NA	NA	NA	NA	NA	NA	NA	NA	NA	NA
isam_catalog	catalog_delete_36	100	15052582	12048333	21977792	14979542	16853625	19525833	66.43378484973272	0	0	1	4	1	777	10	22206	23100	493544	148690	2	8578678	4194955	59	0	44113	1	108	53	0	34129	0	1745	0	27256	53
sqlite	catalog_delete_36	100	1152360	860542	1854541	1117917	1390334	1798958	867.783725316738	NA	NA	NA	NA	NA	NA	NA	NA	NA	NA	NA	NA	NA	NA	NA	NA	NA	NA	NA	NA	NA	NA	NA	NA	NA	NA	NA
isam	same_key_conflict	100	35763	33167	74500	34791	40958	57708	27961.328364418874	0	0	0	1	0	2	0	720	0	1122	0	0	0	0	3	0	1515	1	1	1	0	584	0	27	0	448	1
sqlite	same_key_conflict	100	621635	473250	962333	593750	803125	935709	1608.6609792350503	NA	NA	NA	NA	NA	NA	NA	NA	NA	NA	NA	NA	NA	NA	NA	NA	NA	NA	NA	NA	NA	NA	NA	NA	NA	NA	NA
isam	disjoint_writers_4	100	66342160	50674875	83003583	65095875	77583625	79058500	15.073371055029245	0	0	9	19	4	19	19	1990669	156591	89787	2617915	13	101702870	80595255	82	46	62645068	4	4	4	0	11946	0	914	0	9072	4
sqlite	disjoint_writers_4	100	4604207	1915250	8906291	3975417	8416041	8854500	217.19264390234366	NA	NA	NA	NA	NA	NA	NA	NA	NA	NA	NA	NA	NA	NA	NA	NA	NA	NA	NA	NA	NA	NA	NA	NA	NA	NA	NA
isam_writer_0	disjoint_writer_latency	100	43727612	10764708	82851208	43982292	65839792	78106666	22.868844978411005	NA	NA	NA	NA	NA	NA	NA	NA	NA	NA	NA	NA	NA	NA	NA	NA	NA	NA	NA	NA	NA	NA	NA	NA	NA	NA	NA
sqlite_writer_0	disjoint_writer_latency	100	2970374	1065583	8329959	2640458	6092667	7753666	336.6578702005078	NA	NA	NA	NA	NA	NA	NA	NA	NA	NA	NA	NA	NA	NA	NA	NA	NA	NA	NA	NA	NA	NA	NA	NA	NA	NA	NA
isam_writer_1	disjoint_writer_latency	100	46268653	13883000	77589291	48179833	69852792	77349417	21.612904821675457	NA	NA	NA	NA	NA	NA	NA	NA	NA	NA	NA	NA	NA	NA	NA	NA	NA	NA	NA	NA	NA	NA	NA	NA	NA	NA	NA
sqlite_writer_1	disjoint_writer_latency	100	2740203	967000	7761708	2449375	5065292	7619833	364.93636383837253	NA	NA	NA	NA	NA	NA	NA	NA	NA	NA	NA	NA	NA	NA	NA	NA	NA	NA	NA	NA	NA	NA	NA	NA	NA	NA	NA
isam_writer_2	disjoint_writer_latency	100	46271924	13342291	78937709	50754500	70628958	74831750	21.611376833710924	NA	NA	NA	NA	NA	NA	NA	NA	NA	NA	NA	NA	NA	NA	NA	NA	NA	NA	NA	NA	NA	NA	NA	NA	NA	NA	NA
sqlite_writer_2	disjoint_writer_latency	100	2990258	1077375	8260542	2547209	5909000	8134584	334.41921817354955	NA	NA	NA	NA	NA	NA	NA	NA	NA	NA	NA	NA	NA	NA	NA	NA	NA	NA	NA	NA	NA	NA	NA	NA	NA	NA	NA
isam_writer_3	disjoint_writer_latency	100	46161261	11895083	78613500	47412125	72177166	76537333	21.663186250137393	NA	NA	NA	NA	NA	NA	NA	NA	NA	NA	NA	NA	NA	NA	NA	NA	NA	NA	NA	NA	NA	NA	NA	NA	NA	NA	NA
sqlite_writer_3	disjoint_writer_latency	100	3251734	1149708	8722416	2739458	6671000	7832000	307.52817375541093	NA	NA	NA	NA	NA	NA	NA	NA	NA	NA	NA	NA	NA	NA	NA	NA	NA	NA	NA	NA	NA	NA	NA	NA	NA	NA	NA
isam_individual	group_insert_36	100	344713718	295057959	398326083	341228709	383190917	394235458	2.9009579420605753	0	0	36	108	36	574	325	933961	1012487	1028486	4336549	72	320678990	163768210	285	0	460002	36	108	105	0	147955	0	20490	0	100054	105
isam_bulk	group_insert_36	100	10170631	6984583	18123667	9826125	13225000	16803250	98.32231029458461	0	0	1	3	1	15	43	13961	20061	38513	183102	2	9168798	4405848	58	0	46462	1	108	53	0	37774	0	1981	0	30518	53
sqlite	group_insert_36	100	1411277	792833	2626541	1296292	2371458	2615208	708.5779066740826	NA	NA	NA	NA	NA	NA	NA	NA	NA	NA	NA	NA	NA	NA	NA	NA	NA	NA	NA	NA	NA	NA	NA	NA	NA	NA	NA
isam_individual	group_update_36	100	339975253	313081709	400136459	337057542	370108791	397603166	2.9413905576236963	0	0	36	144	36	1152	287	956358	757776	1479597	3844542	72	312471136	160446091	322	0	452798	36	144	106	0	124529	0	19714	0	79187	106
isam_bulk	group_update_36	100	15396997	10503250	36470500	14952541	18519292	22185000	64.94772590379601	0	0	1	4	1	614	30	16025	20089	485201	158928	2	9189367	4488051	57	0	49401	1	144	51	0	37845	0	1764	0	30800	51
sqlite	group_update_36	100	1923073	1197167	5265542	1770792	2355916	4935375	520.0009904978867	NA	NA	NA	NA	NA	NA	NA	NA	NA	NA	NA	NA	NA	NA	NA	NA	NA	NA	NA	NA	NA	NA	NA	NA	NA	NA	NA
isam_individual	group_delete_36	100	339409928	311971750	406864459	335869792	373050833	391944917	2.946289771217632	0	0	36	144	36	1152	250	950188	836873	1556336	3412766	72	312786803	160730353	321	0	434565	36	108	105	0	121676	0	19144	0	77462	105
isam_bulk	group_delete_36	100	15420196	12002583	42580958	14775834	19064167	25501041	64.85001616017007	0	0	1	4	1	625	5	24926	20445	514915	66246	2	9200827	4558832	59	0	49621	1	108	53	0	38653	0	1913	0	31379	53
sqlite	group_delete_36	100	1845515	1357791	9913000	1694958	2310750	3169333	541.8540592167809	NA	NA	NA	NA	NA	NA	NA	NA	NA	NA	NA	NA	NA	NA	NA	NA	NA	NA	NA	NA	NA	NA	NA	NA	NA	NA	NA
