record	status	reason	path	workload	clients	shards	trial	warmup_per_client	target_trial_ms	telemetry_interval_ms	connections_per_shard	queue_capacity_per_shard	runtime_threads	blocking_threads	journal_mode	synchronous	cache_policy	baseline_digest	successful	errors	attempted	elapsed_ms	ops_per_sec	process_cpu_ms	cpu_percent	baseline_resident_bytes	resident_bytes	sampled_peak_resident_bytes	sampled_peak_resident_growth_bytes	process_lifetime_peak_resident_bytes	wal_before_bytes	wal_after_bytes	peak_wal_bytes	wal_growth_bytes	sampled_peak_pool_active	sampled_peak_pool_queued	sampled_peak_pool_active_by_shard	sampled_peak_pool_queued_by_shard	shard_min	shard_max	shard_mean	shard_max_over_mean	shard_touches	busy	cancelled	constraint	corrupt	disk_full	other	telemetry_samples
issue131_rollout	executed	-	vtab	point_read	2	10	1	100	10000	50	4	32	2	10	WAL	FULL	warm_os_cache	b946affc267c06c4347a0cbe05ead1efcb04a39a8ce75fd5d6d1fe44ad6390af	32241	0	32241	10008.778	3221.27	14982.313	149.69	12615680	13025280	13058048	442368	13074432	0	0	0	0	0	0	0,0,0,0,0,0,0,0,0,0	0,0,0,0,0,0,0,0,0,0	3223	3225	3224.100	1.000	3224,3225,3225,3224,3224,3224,3224,3224,3224,3223	0	0	0	0	0	0	170
issue131_rollout	executed	-	vtab	point_read	2	10	2	100	10000	50	4	32	2	10	WAL	FULL	warm_os_cache	c7dbcb477a0bc5bc9669e9993aed36fcc1cc99b92b95a321d8d98212271f9d5a	32759	0	32759	10010.167	3272.57	15100.173	150.85	15761408	15761408	15859712	98304	16171008	0	0	0	0	0	0	0,0,0,0,0,0,0,0,0,0	0,0,0,0,0,0,0,0,0,0	3275	3277	3275.900	1.000	3276,3277,3277,3276,3276,3276,3276,3275,3275,3275	0	0	0	0	0	0	172
issue131_rollout	executed	-	vtab	point_read	2	10	3	100	10000	50	4	32	2	10	WAL	FULL	warm_os_cache	e599351e3f71ca42afda3162c0106c09811b6fa3d5514e4c359fc75336ec6b1f	31476	0	31476	10005.463	3145.88	15023.098	150.15	15826944	15826944	15925248	98304	16171008	0	0	0	0	0	0	0,0,0,0,0,0,0,0,0,0	0,0,0,0,0,0,0,0,0,0	3147	3149	3147.600	1.000	3148,3149,3148,3148,3148,3147,3147,3147,3147,3147	0	0	0	0	0	0	173
issue131_rollout	executed	-	vtab	scatter_read	2	10	1	100	10000	50	4	32	2	10	WAL	FULL	warm_os_cache	a1c490f8121dc353e627c8fb85a4f6db3a2b7a0b8e363d3fe8f600e2cd5cfb20	3217	0	3217	10006.377	321.49	15181.674	151.72	15958016	16318464	16416768	458752	16416768	0	0	0	0	0	0	0,0,0,0,0,0,0,0,0,0	0,0,0,0,0,0,0,0,0,0	3217	3217	3217.000	1.000	3217,3217,3217,3217,3217,3217,3217,3217,3217,3217	0	0	0	0	0	0	173
issue131_rollout	executed	-	vtab	scatter_read	2	10	2	100	10000	50	4	32	2	10	WAL	FULL	warm_os_cache	3967a57b2ec6f046902043b844963253ce7fe29b63b04d40700eca81c70556e8	3247	0	3247	10010.235	324.37	15271.063	152.55	18563072	18628608	18726912	163840	19251200	0	0	0	0	0	0	0,0,0,0,0,0,0,0,0,0	0,0,0,0,0,0,0,0,0,0	3247	3247	3247.000	1.000	3247,3247,3247,3247,3247,3247,3247,3247,3247,3247	0	0	0	0	0	0	172
issue131_rollout	executed	-	vtab	scatter_read	2	10	3	100	10000	50	4	32	2	10	WAL	FULL	warm_os_cache	b13f1debcf3b9c9798c5476e9bd31ccef1cc196093f40fe3197b2dec6967b5c4	3201	0	3201	10016.130	319.58	15237.319	152.13	18628608	18857984	18939904	311296	19251200	0	0	0	0	0	0	0,0,0,0,0,0,0,0,0,0	0,0,0,0,0,0,0,0,0,0	3201	3201	3201.000	1.000	3201,3201,3201,3201,3201,3201,3201,3201,3201,3201	0	0	0	0	0	0	173
issue131_rollout	executed	-	vtab	explicit_write	2	10	1	100	10000	50	4	32	2	10	WAL	FULL	warm_os_cache	e1bc8d54c27a8ec516aaa2f957a3f8ed952c6a6c702342551b7fc9533c90370c	19200	0	19200	10011.162	1917.86	16051.429	160.34	19021824	21708800	21708800	2686976	21741568	0	0	24784	0	0	0	0,0,0,0,0,0,0,0,0,0	0,0,0,0,0,0,0,0,0,0	1919	1921	1920.000	1.001	1920,1921,1921,1921,1920,1920,1920,1919,1919,1919	0	0	0	0	0	0	180
issue131_rollout	executed	-	vtab	explicit_write	2	10	2	100	10000	50	4	32	2	10	WAL	FULL	warm_os_cache	29cb2160db055c5764acc4ca7a406f9a20183ec28a72e122de76b39e2f3a866e	19228	0	19228	10011.367	1920.62	16009.029	159.91	122847232	122847232	122978304	131072	162234368	0	0	20664	0	0	0	0,0,0,0,0,0,0,0,0,0	0,0,0,0,0,0,0,0,0,0	1922	1923	1922.800	1.000	1923,1923,1923,1923,1923,1923,1923,1923,1922,1922	0	0	0	0	0	0	180
issue131_rollout	executed	-	vtab	explicit_write	2	10	3	100	10000	50	4	32	2	10	WAL	FULL	warm_os_cache	f63661740eb552b3c4b4f023ecb0df551ddc954c6350f17d831dff5b430c857d	18730	0	18730	10002.457	1872.54	16040.920	160.37	122880000	122896384	123027456	147456	162234368	0	0	28904	0	0	0	0,0,0,0,0,0,0,0,0,0	0,0,0,0,0,0,0,0,0,0	1872	1874	1873.000	1.001	1873,1874,1873,1873,1873,1873,1873,1873,1873,1872	0	0	0	0	0	0	179
issue131_rollout	executed	-	vtab	native_range_write	2	10	1	100	10000	50	4	32	2	10	WAL	FULL	warm_os_cache	098362a9d9f088229792a26117b4e3499d2ae18fb5a34ba72a3355466245be3d	19324	0	19324	10004.021	1931.62	16260.097	162.54	130301952	114180096	130433024	131072	162234368	0	0	24784	0	0	0	0,0,0,0,0,0,0,0,0,0	0,0,0,0,0,0,0,0,0,0	1932	1933	1932.400	1.000	1933,1933,1933,1933,1932,1932,1932,1932,1932,1932	0	0	0	0	0	0	180
issue131_rollout	executed	-	vtab	native_range_write	2	10	2	100	10000	50	4	32	2	10	WAL	FULL	warm_os_cache	01bca30f0146f9bf053183f8e9e5f2e28ca10ac4e642c28cc12cb1064837586f	19184	0	19184	10010.092	1916.47	16236.534	162.20	114409472	114409472	114540544	131072	162234368	0	0	28904	0	0	0	0,0,0,0,0,0,0,0,0,0	0,0,0,0,0,0,0,0,0,0	1918	1919	1918.400	1.000	1919,1919,1919,1919,1918,1918,1918,1918,1918,1918	0	0	0	0	0	0	180
issue131_rollout	executed	-	vtab	native_range_write	2	10	3	100	10000	50	4	32	2	10	WAL	FULL	warm_os_cache	3c39f8629f91342a62f204be1067ca1f147913cf055ff92ef509f99b743eea04	19430	0	19430	10012.542	1940.57	16270.296	162.50	114409472	114409472	114540544	131072	162234368	0	0	16544	0	0	0	0,0,0,0,0,0,0,0,0,0	0,0,0,0,0,0,0,0,0,0	1942	1944	1943.000	1.001	1944,1944,1944,1944,1943,1943,1942,1942,1942,1942	0	0	0	0	0	0	179
issue131_rollout	executed	-	vtab	hilo_write	2	10	1	100	10000	50	4	32	2	10	WAL	FULL	warm_os_cache	2aa1591a5b0c871cb73e07633fd3bc97204fb378fa85019cedcfefd78c6140f9	19719	0	19719	10011.329	1969.67	15219.334	152.02	114425856	112001024	114524160	98304	162234368	0	0	20632	0	0	0	0,0,0,0,0,0,0,0,0,0	0,0,0,0,0,0,0,0,0,0	1925	2022	1971.900	1.025	1959,1968,1936,1979,1973,1925,2022,1938,2009,2010	0	0	0	0	0	0	178
issue131_rollout	executed	-	vtab	hilo_write	2	10	2	100	10000	50	4	32	2	10	WAL	FULL	warm_os_cache	9708e15c678653dfffb6db770b9b7ad974b9d082bd4c1fa9ea84a0b684930fc8	20665	0	20665	10005.139	2065.44	15334.711	153.27	112017408	112017408	112164864	147456	162234368	0	0	16512	0	0	0	0,0,0,0,0,0,0,0,0,0	0,0,0,0,0,0,0,0,0,0	2026	2127	2066.500	1.029	2040,2048,2028,2071,2066,2026,2127,2042,2103,2114	0	0	0	0	0	0	177
issue131_rollout	executed	-	vtab	hilo_write	2	10	3	100	10000	50	4	32	2	10	WAL	FULL	warm_os_cache	60534c7eef362a47195fcab52a77498572a14ffa3feb72403510a3c25e228340	20856	0	20856	10006.643	2084.22	15392.331	153.82	112017408	112017408	112181248	163840	162234368	0	0	16512	0	0	0	0,0,0,0,0,0,0,0,0,0	0,0,0,0,0,0,0,0,0,0	2040	2151	2085.600	1.031	2062,2072,2043,2092,2085,2040,2151,2057,2129,2125	0	0	0	0	0	0	179
issue131_rollout	executed	-	engine_logical	point_read	2	10	1	100	10000	50	4	32	2	10	WAL	FULL	warm_os_cache	b946affc267c06c4347a0cbe05ead1efcb04a39a8ce75fd5d6d1fe44ad6390af	590739	0	590739	10005.055	59044.05	20101.088	200.91	14303232	15482880	15646720	1343488	15646720	0	0	0	0	2	0	1,2,1,1,1,2,1,1,1,2	0,0,0,0,0,0,0,0,0,0	59073	59074	59073.900	1.000	59074,59074,59074,59074,59074,59074,59074,59074,59074,59073	0	0	0	0	0	0	170
issue131_rollout	executed	-	engine_logical	point_read	2	10	2	100	10000	50	4	32	2	10	WAL	FULL	warm_os_cache	c7dbcb477a0bc5bc9669e9993aed36fcc1cc99b92b95a321d8d98212271f9d5a	583439	0	583439	10005.302	58312.98	20134.008	201.23	15958016	16007168	16171008	212992	16171008	0	0	0	0	2	0	1,1,1,1,1,1,2,2,2,1	0,0,0,0,0,0,0,0,0,0	58343	58344	58343.900	1.000	58344,58344,58344,58344,58344,58344,58344,58344,58344,58343	0	0	0	0	0	0	171
issue131_rollout	executed	-	engine_logical	point_read	2	10	3	100	10000	50	4	32	2	10	WAL	FULL	warm_os_cache	e599351e3f71ca42afda3162c0106c09811b6fa3d5514e4c359fc75336ec6b1f	562852	0	562852	10002.245	56272.57	19969.575	199.65	16023552	16187392	16351232	327680	16351232	0	0	0	0	2	0	1,2,1,2,1,1,2,2,1,1	0,0,0,0,0,0,0,0,0,0	56284	56286	56285.200	1.000	56285,56286,56286,56286,56286,56285,56285,56285,56284,56284	0	0	0	0	0	0	170
issue131_rollout	executed	-	engine_logical	scatter_read	2	10	1	100	10000	50	4	32	2	10	WAL	FULL	warm_os_cache	a1c490f8121dc353e627c8fb85a4f6db3a2b7a0b8e363d3fe8f600e2cd5cfb20	18510	0	18510	10005.862	1849.92	71080.663	710.39	17973248	18857984	19021824	1048576	19021824	0	0	0	0	16	0	2,2,2,2,2,2,2,2,2,2	0,0,0,0,0,0,0,0,0,0	18510	18510	18510.000	1.000	18510,18510,18510,18510,18510,18510,18510,18510,18510,18510	0	0	0	0	0	0	173
issue131_rollout	executed	-	engine_logical	scatter_read	2	10	2	100	10000	50	4	32	2	10	WAL	FULL	warm_os_cache	3967a57b2ec6f046902043b844963253ce7fe29b63b04d40700eca81c70556e8	18726	0	18726	10006.555	1871.37	71323.736	712.77	18939904	19087360	19251200	311296	19251200	0	0	0	0	16	0	2,2,2,2,2,2,2,2,2,2	0,0,0,0,0,0,0,0,0,0	18726	18726	18726.000	1.000	18726,18726,18726,18726,18726,18726,18726,18726,18726,18726	0	0	0	0	0	0	175
issue131_rollout	executed	-	engine_logical	scatter_read	2	10	3	100	10000	50	4	32	2	10	WAL	FULL	warm_os_cache	b13f1debcf3b9c9798c5476e9bd31ccef1cc196093f40fe3197b2dec6967b5c4	18637	0	18637	10007.188	1862.36	70898.682	708.48	19365888	19447808	19611648	245760	19611648	0	0	0	0	16	0	2,2,2,2,2,2,2,2,2,2	0,0,0,0,0,0,0,0,0,0	18637	18637	18637.000	1.000	18637,18637,18637,18637,18637,18637,18637,18637,18637,18637	0	0	0	0	0	0	173
issue131_rollout	executed	-	engine_logical	explicit_write	2	10	1	100	10000	50	4	32	2	10	WAL	FULL	warm_os_cache	e1bc8d54c27a8ec516aaa2f957a3f8ed952c6a6c702342551b7fc9533c90370c	56361	0	56361	10113.701	5572.74	3952.743	39.08	30097408	37863424	37863424	7766016	37863424	824320	41410440	41410440	40586120	2	0	2,2,2,2,1,2,2,2,2,2	0,0,0,0,0,0,0,0,0,0	5635	5637	5636.100	1.000	5636,5637,5637,5637,5637,5637,5635,5635,5635,5635	0	0	0	0	0	0	167
issue131_rollout	executed	-	engine_logical	explicit_write	2	10	2	100	10000	50	4	32	2	10	WAL	FULL	warm_os_cache	29cb2160db055c5764acc4ca7a406f9a20183ec28a72e122de76b39e2f3a866e	203110	0	203110	10008.724	20293.30	12801.338	127.90	52101120	87392256	87392256	35291136	87392256	824320	41538160	41538160	40713840	2	0	1,2,1,1,1,1,2,1,1,1	0,0,0,0,0,0,0,0,0,0	20310	20312	20311.000	1.000	20311,20312,20312,20312,20311,20311,20311,20310,20310,20310	0	0	0	0	0	0	170
issue131_rollout	executed	-	engine_logical	explicit_write	2	10	3	100	10000	50	4	32	2	10	WAL	FULL	warm_os_cache	f63661740eb552b3c4b4f023ecb0df551ddc954c6350f17d831dff5b430c857d	43085	0	43085	10017.524	4300.96	3536.715	35.31	123256832	125845504	125845504	2588672	162234368	824320	41439280	41439280	40614960	2	0	2,2,2,2,2,2,2,2,2,2	0,0,0,0,0,0,0,0,0,0	4307	4309	4308.500	1.000	4308,4309,4309,4309,4309,4309,4309,4308,4308,4307	0	0	0	0	0	0	168
issue131_rollout	unsupported	no independent pre-vtab comparator: public Engine omitted-key writes delegate to the writable virtual-table coordinator	engine_logical	native_range_write	2	10	-	100	10000	50	4	32	2	10	WAL	FULL	warm_os_cache	-	-	-	-	-	-	-	-	-	-	-	-	-	-	-	-	-	-	-	-	-	-	-	-	-	-	-	-	-	-	-	-	-
issue131_rollout	unsupported	no independent pre-vtab comparator: public Engine omitted-key writes delegate to the writable virtual-table coordinator	engine_logical	hilo_write	2	10	-	100	10000	50	4	32	2	10	WAL	FULL	warm_os_cache	-	-	-	-	-	-	-	-	-	-	-	-	-	-	-	-	-	-	-	-	-	-	-	-	-	-	-	-	-	-	-	-	-
issue131_rollout	executed	-	vtab	point_read	4	10	1	100	10000	50	4	32	2	10	WAL	FULL	warm_os_cache	d9f36aef616870ebb082663ebccb1a85a6f1adae1ce42431a9be4aca7f529707	36207	0	36207	10012.860	3616.05	24433.912	244.03	112033792	111034368	112345088	311296	162234368	0	0	0	0	0	0	0,0,0,0,0,0,0,0,0,0	0,0,0,0,0,0,0,0,0,0	3619	3622	3620.700	1.000	3620,3620,3621,3622,3622,3622,3621,3620,3620,3619	0	0	0	0	0	0	176
issue131_rollout	executed	-	vtab	point_read	4	10	2	100	10000	50	4	32	2	10	WAL	FULL	warm_os_cache	a0fafc115eeb7dd4ec5b4e18a5f731e9ce1d50171889a4fcad3ac3ff1555e5cb	35755	0	35755	10005.324	3573.60	24418.042	244.05	112001024	112017408	112214016	212992	162234368	0	0	0	0	0	0	0,0,0,0,0,0,0,0,0,0	0,0,0,0,0,0,0,0,0,0	3574	3576	3575.500	1.000	3575,3575,3576,3576,3576,3576,3576,3576,3575,3574	0	0	0	0	0	0	174
issue131_rollout	executed	-	vtab	point_read	4	10	3	100	10000	50	4	32	2	10	WAL	FULL	warm_os_cache	d37489db3906c917e091c324bf98a62b815f9f2fef3c3ef26fc51436460e1c34	34339	0	34339	10007.263	3431.41	23113.980	230.97	112017408	112017408	112214016	196608	162234368	0	0	0	0	0	0	0,0,0,0,0,0,0,0,0,0	0,0,0,0,0,0,0,0,0,0	3433	3435	3433.900	1.000	3433,3434,3434,3435,3435,3435,3434,3433,3433,3433	0	0	0	0	0	0	171
issue131_rollout	executed	-	vtab	scatter_read	4	10	1	100	10000	50	4	32	2	10	WAL	FULL	warm_os_cache	cc374f518d611c9de5ca75d5e983b79d2917ab1763a4cf5190f2078d45ff72b1	3710	0	3710	10016.807	370.38	24924.389	248.83	112017408	112066560	112263168	245760	162234368	0	0	0	0	0	0	0,0,0,0,0,0,0,0,0,0	0,0,0,0,0,0,0,0,0,0	3710	3710	3710.000	1.000	3710,3710,3710,3710,3710,3710,3710,3710,3710,3710	0	0	0	0	0	0	176
issue131_rollout	executed	-	vtab	scatter_read	4	10	2	100	10000	50	4	32	2	10	WAL	FULL	warm_os_cache	9076a6df0c2ddaba0c67f05412c8feaa7006519a867f095b461ed79fd007087c	3662	0	3662	10009.083	365.87	24615.683	245.93	114753536	114753536	114950144	196608	162234368	0	0	0	0	0	0	0,0,0,0,0,0,0,0,0,0	0,0,0,0,0,0,0,0,0,0	3662	3662	3662.000	1.000	3662,3662,3662,3662,3662,3662,3662,3662,3662,3662	0	0	0	0	0	0	174
issue131_rollout	executed	-	vtab	scatter_read	4	10	3	100	10000	50	4	32	2	10	WAL	FULL	warm_os_cache	ecec1f1ea4b8952613913e7bfff17e37ca34904201d54bc377159c3c3ce70efb	3708	0	3708	10015.841	370.21	24828.743	247.89	114753536	114769920	114966528	212992	162234368	0	0	0	0	0	0	0,0,0,0,0,0,0,0,0,0	0,0,0,0,0,0,0,0,0,0	3708	3708	3708.000	1.000	3708,3708,3708,3708,3708,3708,3708,3708,3708,3708	0	0	0	0	0	0	176
issue131_rollout	executed	-	vtab	explicit_write	4	10	1	100	10000	50	4	32	2	10	WAL	FULL	warm_os_cache	84002e91aae5379306d762416c82364a2338096d7f9a03728640bc7b32ea0637	20071	0	20071	10006.071	2005.88	25530.539	255.15	114769920	31424512	115146752	376832	162234368	0	0	33088	0	0	0	0,0,0,0,0,0,0,0,0,0	0,0,0,0,0,0,0,0,0,0	2006	2008	2007.100	1.000	2007,2007,2008,2008,2008,2007,2007,2007,2006,2006	0	0	0	0	0	0	179
issue131_rollout	executed	-	vtab	explicit_write	4	10	2	100	10000	50	4	32	2	10	WAL	FULL	warm_os_cache	7b95831bb131fc5a7377100e1aa7d48c5a71c56efa5fae90cfcede46a05ec51b	21025	0	21025	10003.957	2101.67	25846.021	258.36	104120320	91897856	104382464	262144	162234368	0	0	45448	0	0	0	0,0,0,0,0,0,0,0,0,0	0,0,0,0,0,0,0,0,0,0	2101	2104	2102.500	1.001	2102,2103,2103,2104,2103,2103,2103,2102,2101,2101	0	0	0	0	0	0	181
issue131_rollout	executed	-	vtab	explicit_write	4	10	3	100	10000	50	4	32	2	10	WAL	FULL	warm_os_cache	29364053e89508eecf06ff26798ff51a7a53a23eeb2f970b7d6eac4b84dcd5d2	20892	0	20892	10013.962	2086.29	25530.678	254.95	91897856	91897856	92160000	262144	162234368	0	0	45416	0	0	0	0,0,0,0,0,0,0,0,0,0	0,0,0,0,0,0,0,0,0,0	2088	2090	2089.200	1.000	2089,2090,2090,2090,2090,2089,2089,2089,2088,2088	0	0	0	0	0	0	181
issue131_rollout	executed	-	vtab	native_range_write	4	10	1	100	10000	50	4	32	2	10	WAL	FULL	warm_os_cache	2a8e9f3c5c6258957e2bc26d131af2dde441c7c2851afed4967cc1a89ccbc054	20053	0	20053	10015.833	2002.13	25326.464	252.86	86900736	86900736	87162880	262144	162234368	0	0	41328	0	0	0	0,0,0,0,0,0,0,0,0,0	0,0,0,0,0,0,0,0,0,0	2004	2007	2005.300	1.001	2007,2007,2006,2006,2005,2005,2005,2004,2004,2004	0	0	0	0	0	0	181
issue131_rollout	executed	-	vtab	native_range_write	4	10	2	100	10000	50	4	32	2	10	WAL	FULL	warm_os_cache	91ff36780ad3570b7f595f82303a0e816f3bdf33df923ef832684251dc7c681a	20182	0	20182	10010.124	2016.16	25499.723	254.74	87015424	78888960	87277568	262144	162234368	0	0	33088	0	0	0	0,0,0,0,0,0,0,0,0,0	0,0,0,0,0,0,0,0,0,0	2016	2020	2018.200	1.001	2020,2019,2019,2019,2019,2018,2018,2017,2017,2016	0	0	0	0	0	0	182
issue131_rollout	executed	-	vtab	native_range_write	4	10	3	100	10000	50	4	32	2	10	WAL	FULL	warm_os_cache	89a3c7f4bfd86da521af9945c2ce187f84b6e063412470ac14df044cf82d0f2e	20793	0	20793	10002.798	2078.72	25749.652	257.42	78888960	74825728	79151104	262144	162234368	0	0	33088	0	0	0	0,0,0,0,0,0,0,0,0,0	0,0,0,0,0,0,0,0,0,0	2077	2081	2079.300	1.001	2081,2081,2080,2080,2080,2079,2079,2078,2078,2077	0	0	0	0	0	0	183
issue131_rollout	executed	-	vtab	hilo_write	4	10	1	100	10000	50	4	32	2	10	WAL	FULL	warm_os_cache	cbf6ce737d8f11b638518850ab22ab419d069f011c13d92406436b10988fd1eb	26309	0	26309	10013.186	2627.44	24071.310	240.40	74842112	76333056	76333056	1490944	162234368	0	0	28872	0	0	0	0,0,0,0,0,0,0,0,0,0	0,0,0,0,0,0,0,0,0,0	2599	2715	2630.900	1.032	2611,2602,2619,2635,2618,2599,2715,2603,2658,2649	0	0	0	0	0	0	181
issue131_rollout	executed	-	vtab	hilo_write	4	10	2	100	10000	50	4	32	2	10	WAL	FULL	warm_os_cache	cd30e0cdc7c7e6a0dd66bab28565ceaf950ffeea9defc181dff5a826b13547f5	24530	0	24530	10004.871	2451.81	24030.775	240.19	76693504	76693504	76972032	278528	162234368	0	0	20728	0	0	0	0,0,0,0,0,0,0,0,0,0	0,0,0,0,0,0,0,0,0,0	2412	2525	2453.000	1.029	2428,2446,2431,2453,2442,2412,2525,2431,2483,2479	0	0	0	0	0	0	180
issue131_rollout	executed	-	vtab	hilo_write	4	10	3	100	10000	50	4	32	2	10	WAL	FULL	warm_os_cache	3503667c2b001dd5fdb15a22d4be3888ed36b9d45bd8ff86d6d528754372f8d9	26339	0	26339	10012.327	2630.66	24049.840	240.20	76726272	76726272	77004800	278528	162234368	0	0	57776	0	0	0	0,0,0,0,0,0,0,0,0,0	0,0,0,0,0,0,0,0,0,0	2602	2719	2633.900	1.032	2614,2608,2622,2637,2620,2602,2719,2607,2661,2649	0	0	0	0	0	0	180
issue131_rollout	executed	-	engine_logical	point_read	4	10	1	100	10000	50	4	32	2	10	WAL	FULL	warm_os_cache	d9f36aef616870ebb082663ebccb1a85a6f1adae1ce42431a9be4aca7f529707	770483	0	770483	10009.289	76976.80	40546.507	405.09	111230976	112230400	112558080	1327104	162234368	0	0	0	0	4	1	1,1,2,3,2,2,1,2,2,2	0,0,0,0,0,0,1,0,0,0	77047	77050	77048.300	1.000	77048,77049,77049,77050,77049,77049,77048,77047,77047,77047	0	0	0	0	0	0	169
issue131_rollout	executed	-	engine_logical	point_read	4	10	2	100	10000	50	4	32	2	10	WAL	FULL	warm_os_cache	a0fafc115eeb7dd4ec5b4e18a5f731e9ce1d50171889a4fcad3ac3ff1555e5cb	757054	0	757054	10003.337	75680.14	40079.533	400.66	112115712	112427008	112754688	638976	162234368	0	0	0	0	4	0	2,2,2,3,2,2,2,2,2,2	0,0,0,0,0,0,0,0,0,0	75704	75707	75705.400	1.000	75705,75706,75707,75707,75706,75705,75705,75705,75704,75704	0	0	0	0	0	0	169
issue131_rollout	executed	-	engine_logical	point_read	4	10	3	100	10000	50	4	32	2	10	WAL	FULL	warm_os_cache	d37489db3906c917e091c324bf98a62b815f9f2fef3c3ef26fc51436460e1c34	773914	0	773914	10012.654	77293.59	40635.743	405.84	112214016	112443392	112771072	557056	162234368	0	0	0	0	4	0	2,2,2,1,2,1,2,3,2,1	0,0,0,0,0,0,0,0,0,0	77390	77393	77391.400	1.000	77390,77391,77392,77393,77393,77392,77391,77391,77391,77390	0	0	0	0	0	0	169
issue131_rollout	executed	-	engine_logical	scatter_read	4	10	1	100	10000	50	4	32	2	10	WAL	FULL	warm_os_cache	cc374f518d611c9de5ca75d5e983b79d2917ab1763a4cf5190f2078d45ff72b1	26060	0	26060	10006.486	2604.31	79692.528	796.41	112541696	114851840	115179520	2637824	162234368	0	0	0	0	32	0	4,4,4,4,4,4,4,4,3,4	0,0,0,0,0,0,0,0,0,0	26060	26060	26060.000	1.000	26060,26060,26060,26060,26060,26060,26060,26060,26060,26060	0	0	0	0	0	0	173
issue131_rollout	executed	-	engine_logical	scatter_read	4	10	2	100	10000	50	4	32	2	10	WAL	FULL	warm_os_cache	9076a6df0c2ddaba0c67f05412c8feaa7006519a867f095b461ed79fd007087c	26219	0	26219	10006.260	2620.26	82181.505	821.30	114884608	115163136	115490816	606208	162234368	0	0	0	0	32	1	4,4,4,4,4,4,4,3,3,4	0,0,0,0,1,0,0,0,0,0	26219	26219	26219.000	1.000	26219,26219,26219,26219,26219,26219,26219,26219,26219,26219	0	0	0	0	0	0	174
issue131_rollout	executed	-	engine_logical	scatter_read	4	10	3	100	10000	50	4	32	2	10	WAL	FULL	warm_os_cache	ecec1f1ea4b8952613913e7bfff17e37ca34904201d54bc377159c3c3ce70efb	26190	0	26190	10004.433	2617.84	82420.001	823.83	115245056	115294208	115621888	376832	162234368	0	0	0	0	32	0	4,4,4,4,4,4,4,4,3,4	0,0,0,0,0,0,0,0,0,0	26190	26190	26190.000	1.000	26190,26190,26190,26190,26190,26190,26190,26190,26190,26190	0	0	0	0	0	0	174
issue131_rollout	executed	-	engine_logical	explicit_write	4	10	1	100	10000	50	4	32	2	10	WAL	FULL	warm_os_cache	84002e91aae5379306d762416c82364a2338096d7f9a03728640bc7b32ea0637	104486	0	104486	10049.349	10397.29	16094.139	160.15	37027840	47136768	47136768	10108928	162234368	824320	41521680	41521680	40697360	4	0	2,3,3,3,3,4,4,3,4,2	0,0,0,0,0,0,0,0,0,0	10448	10449	10448.600	1.000	10448,10449,10448,10449,10449,10449,10449,10449,10448,10448	0	0	0	0	0	0	174
issue131_rollout	executed	-	engine_logical	explicit_write	4	10	2	100	10000	50	4	32	2	10	WAL	FULL	warm_os_cache	7b95831bb131fc5a7377100e1aa7d48c5a71c56efa5fae90cfcede46a05ec51b	118119	0	118119	10009.500	11800.69	15375.109	153.61	83673088	86343680	86343680	2670592	162234368	824320	41579360	41579360	40755040	4	1	2,2,3,2,4,3,4,3,4,4	0,0,0,0,0,0,0,0,1,0	11811	11813	11811.900	1.000	11811,11812,11812,11813,11813,11812,11812,11812,11811,11811	0	0	0	0	0	0	175
issue131_rollout	executed	-	engine_logical	explicit_write	4	10	3	100	10000	50	4	32	2	10	WAL	FULL	warm_os_cache	29364053e89508eecf06ff26798ff51a7a53a23eeb2f970b7d6eac4b84dcd5d2	72269	0	72269	10014.893	7216.15	11913.636	118.96	92258304	65536000	93339648	1081344	162234368	824320	41542280	41542280	40717960	4	0	4,4,2,4,4,4,2,4,4,4	0,0,0,0,0,0,0,0,0,0	7225	7228	7226.900	1.000	7226,7227,7228,7228,7227,7227,7227,7227,7227,7225	0	0	0	0	0	0	173
issue131_rollout	unsupported	no independent pre-vtab comparator: public Engine omitted-key writes delegate to the writable virtual-table coordinator	engine_logical	native_range_write	4	10	-	100	10000	50	4	32	2	10	WAL	FULL	warm_os_cache	-	-	-	-	-	-	-	-	-	-	-	-	-	-	-	-	-	-	-	-	-	-	-	-	-	-	-	-	-	-	-	-	-
issue131_rollout	unsupported	no independent pre-vtab comparator: public Engine omitted-key writes delegate to the writable virtual-table coordinator	engine_logical	hilo_write	4	10	-	100	10000	50	4	32	2	10	WAL	FULL	warm_os_cache	-	-	-	-	-	-	-	-	-	-	-	-	-	-	-	-	-	-	-	-	-	-	-	-	-	-	-	-	-	-	-	-	-
issue131_rollout	executed	-	vtab	point_read	8	10	1	100	10000	50	4	32	2	10	WAL	FULL	warm_os_cache	79bca7996a7da4ba188ba4d240455c336d2f9ea747c7e6079610e6357c166c23	34908	0	34908	10003.676	3489.52	50990.252	509.72	76857344	77053952	77414400	557056	162234368	0	0	0	0	0	0	0,0,0,0,0,0,0,0,0,0	0,0,0,0,0,0,0,0,0,0	3489	3492	3490.800	1.000	3492,3491,3489,3490,3491,3491,3491,3491,3491,3491	0	0	0	0	0	0	175
issue131_rollout	executed	-	vtab	point_read	8	10	2	100	10000	50	4	32	2	10	WAL	FULL	warm_os_cache	7b904a3664b35b0f1c695bba3965076d628c4f2198576d1ce23621845ad43106	33946	0	33946	10006.664	3392.34	50194.430	501.61	75808768	75825152	76185600	376832	162234368	0	0	0	0	0	0	0,0,0,0,0,0,0,0,0,0	0,0,0,0,0,0,0,0,0,0	3393	3396	3394.600	1.000	3396,3394,3393,3393,3394,3395,3396,3395,3395,3395	0	0	0	0	0	0	172
issue131_rollout	executed	-	vtab	point_read	8	10	3	100	10000	50	4	32	2	10	WAL	FULL	warm_os_cache	c96a35ea2d01f8938434b2f5816e13a283761815c74857aa0a8d3f89d16666ce	35262	0	35262	10013.934	3521.29	51473.982	514.02	75825152	75841536	76218368	393216	162234368	0	0	0	0	0	0	0,0,0,0,0,0,0,0,0,0	0,0,0,0,0,0,0,0,0,0	3525	3527	3526.200	1.000	3525,3525,3526,3527,3527,3527,3527,3527,3526,3525	0	0	0	0	0	0	173
issue131_rollout	executed	-	vtab	scatter_read	8	10	1	100	10000	50	4	32	2	10	WAL	FULL	warm_os_cache	f0c4113740643220ea69a4c34063478467f7001643964677c40c7d5b9016922c	3524	0	3524	10013.843	351.91	51850.095	517.78	75841536	76070912	76431360	589824	162234368	0	0	0	0	0	0	0,0,0,0,0,0,0,0,0,0	0,0,0,0,0,0,0,0,0,0	3524	3524	3524.000	1.000	3524,3524,3524,3524,3524,3524,3524,3524,3524,3524	0	0	0	0	0	0	173
issue131_rollout	executed	-	vtab	scatter_read	8	10	2	100	10000	50	4	32	2	10	WAL	FULL	warm_os_cache	4804ea8f2a23cd3e9694b3ebfa507cb16724a25f2d84c2cb30a2d63d77a5948b	3492	0	3492	10023.189	348.39	50649.391	505.32	79134720	79134720	79511552	376832	162234368	0	0	0	0	0	0	0,0,0,0,0,0,0,0,0,0	0,0,0,0,0,0,0,0,0,0	3492	3492	3492.000	1.000	3492,3492,3492,3492,3492,3492,3492,3492,3492,3492	0	0	0	0	0	0	173
issue131_rollout	executed	-	vtab	scatter_read	8	10	3	100	10000	50	4	32	2	10	WAL	FULL	warm_os_cache	7922cb155347952acbf01abb9947ca76aa35deab59858cd434dca8ab291f0113	3526	0	3526	10017.996	351.97	51568.786	514.76	79134720	79134720	79495168	360448	162234368	0	0	0	0	0	0	0,0,0,0,0,0,0,0,0,0	0,0,0,0,0,0,0,0,0,0	3526	3526	3526.000	1.000	3526,3526,3526,3526,3526,3526,3526,3526,3526,3526	0	0	0	0	0	0	175
issue131_rollout	executed	-	vtab	explicit_write	8	10	1	100	10000	50	4	32	2	10	WAL	FULL	warm_os_cache	724d482a49bd35552e55497803441ab4a40470f88e54e59ed372114ef3319223	20440	0	20440	10005.346	2042.91	40601.354	405.80	79151104	80494592	80494592	1343488	162234368	0	0	74408	0	0	0	0,0,0,0,0,0,0,0,0,0	0,0,0,0,0,0,0,0,0,0	2043	2045	2044.000	1.000	2044,2044,2043,2044,2044,2044,2045,2045,2044,2043	0	0	0	0	0	0	181
issue131_rollout	executed	-	vtab	explicit_write	8	10	2	100	10000	50	4	32	2	10	WAL	FULL	warm_os_cache	0af7270b1eb8f1ac4c40c18cdac8d952462c31e490881fbe70cd5bd5f9004706	21312	0	21312	10007.536	2129.60	41507.150	414.76	91275264	87048192	91750400	475136	162234368	0	0	82624	0	0	0	0,0,0,0,0,0,0,0,0,0	0,0,0,0,0,0,0,0,0,0	2130	2132	2131.200	1.000	2130,2131,2131,2132,2132,2132,2132,2132,2130,2130	0	0	0	0	0	0	183
issue131_rollout	executed	-	vtab	explicit_write	8	10	3	100	10000	50	4	32	2	10	WAL	FULL	warm_os_cache	74769cb9db60e093635ad93abb32017f8c120198e4e9040400cda5ef480bc459	21375	0	21375	10004.979	2136.44	40850.000	408.30	87048192	83968000	87506944	458752	162234368	0	0	74384	0	0	0	0,0,0,0,0,0,0,0,0,0	0,0,0,0,0,0,0,0,0,0	2137	2138	2137.500	1.000	2138,2138,2137,2137,2137,2137,2137,2138,2138,2138	0	0	0	0	0	0	184
issue131_rollout	executed	-	vtab	native_range_write	8	10	1	100	10000	50	4	32	2	10	WAL	FULL	warm_os_cache	71d702c70576e2bbde3d0790013496f37d35981918012c229d1af91165752695	20423	0	20423	10005.401	2041.20	42045.189	420.22	89948160	89948160	90406912	458752	162234368	0	0	66176	0	0	0	0,0,0,0,0,0,0,0,0,0	0,0,0,0,0,0,0,0,0,0	2039	2046	2042.300	1.002	2046,2045,2044,2044,2043,2042,2041,2040,2039,2039	0	0	0	0	0	0	183
issue131_rollout	executed	-	vtab	native_range_write	8	10	2	100	10000	50	4	32	2	10	WAL	FULL	warm_os_cache	f697c0b03944aeb4d9428c386da1dc4597a76bf724cd8016e97e7f7a0b0c1031	21050	0	21050	10004.737	2104.00	41825.053	418.05	89964544	83968000	90406912	442368	162234368	0	0	74352	0	0	0	0,0,0,0,0,0,0,0,0,0	0,0,0,0,0,0,0,0,0,0	2101	2109	2105.000	1.002	2109,2107,2106,2106,2105,2105,2104,2104,2103,2101	0	0	0	0	0	0	184
issue131_rollout	executed	-	vtab	native_range_write	8	10	3	100	10000	50	4	32	2	10	WAL	FULL	warm_os_cache	85db7581a28af1f80846d8e2cc07fabbaa86ed41e49f62dd6b953d11f4893aa4	20969	0	20969	10007.930	2095.24	42416.843	423.83	84000768	84000768	84475904	475136	162234368	0	0	82608	0	0	0	0,0,0,0,0,0,0,0,0,0	0,0,0,0,0,0,0,0,0,0	2093	2100	2096.900	1.001	2100,2099,2099,2098,2098,2097,2096,2095,2094,2093	0	0	0	0	0	0	183
issue131_rollout	executed	-	vtab	hilo_write	8	10	1	100	10000	50	4	32	2	10	WAL	FULL	warm_os_cache	59f590e8293bd3b70460b621cdc5242ce4b4c4d240d4e646d58a3e8ab96c4856	26021	0	26021	10005.520	2600.66	43040.015	430.16	84000768	83263488	84410368	409600	162234368	0	0	37176	0	0	0	0,0,0,0,0,0,0,0,0,0	0,0,0,0,0,0,0,0,0,0	2564	2683	2602.100	1.031	2588,2564,2592,2613,2589,2567,2683,2582,2627,2616	0	0	0	0	0	0	181
issue131_rollout	executed	-	vtab	hilo_write	8	10	2	100	10000	50	4	32	2	10	WAL	FULL	warm_os_cache	4bcae4d682c3e6fd7796d1529b34c0f30ce3ee44578864bb16f475c9c2051076	25217	0	25217	10013.576	2518.28	41646.397	415.90	83263488	69648384	83656704	393216	162234368	0	0	45448	0	0	0	0,0,0,0,0,0,0,0,0,0	0,0,0,0,0,0,0,0,0,0	2484	2595	2521.700	1.029	2501,2484,2520,2528,2507,2488,2595,2504,2551,2539	0	0	0	0	0	0	181
issue131_rollout	executed	-	vtab	hilo_write	8	10	3	100	10000	50	4	32	2	10	WAL	FULL	warm_os_cache	8d3be75dc6d5d6b9e34882b1e1778cafe7b809cf294f22c9d28e7bcf807fee42	25633	0	25633	10016.504	2559.08	42404.396	423.35	66994176	59195392	67403776	409600	162234368	0	0	82496	0	0	0	0,0,0,0,0,0,0,0,0,0	0,0,0,0,0,0,0,0,0,0	2526	2641	2563.300	1.030	2545,2526,2559,2571,2547,2527,2641,2542,2597,2578	0	0	0	0	0	0	182
issue131_rollout	executed	-	engine_logical	point_read	8	10	1	100	10000	50	4	32	2	10	WAL	FULL	warm_os_cache	79bca7996a7da4ba188ba4d240455c336d2f9ea747c7e6079610e6357c166c23	1031608	0	1031608	10012.829	103028.63	79113.655	790.12	77250560	76283904	78331904	1081344	162234368	0	0	0	0	7	1	2,3,2,2,3,4,3,2,2,2	0,0,1,0,0,1,0,0,0,0	103160	103162	103160.800	1.000	103161,103160,103161,103160,103161,103161,103162,103161,103161,103160	0	0	0	0	0	0	167
issue131_rollout	executed	-	engine_logical	point_read	8	10	2	100	10000	50	4	32	2	10	WAL	FULL	warm_os_cache	7b904a3664b35b0f1c695bba3965076d628c4f2198576d1ce23621845ad43106	1029896	0	1029896	10013.392	102851.86	79840.095	797.33	75988992	76300288	76955648	966656	162234368	0	0	0	0	8	0	3,2,2,3,3,2,2,3,2,3	0,0,0,0,0,0,0,0,0,0	102988	102991	102989.600	1.000	102988,102988,102989,102990,102989,102990,102991,102991,102990,102990	0	0	0	0	0	0	166
issue131_rollout	executed	-	engine_logical	point_read	8	10	3	100	10000	50	4	32	2	10	WAL	FULL	warm_os_cache	c96a35ea2d01f8938434b2f5816e13a283761815c74857aa0a8d3f89d16666ce	1030724	0	1030724	10013.236	102936.15	79224.451	791.20	76038144	76333056	76988416	950272	162234368	0	0	0	0	8	1	2,2,3,3,2,2,2,2,3,3	0,0,0,1,0,0,1,0,0,0	103071	103073	103072.400	1.000	103072,103072,103072,103073,103073,103073,103073,103073,103072,103071	0	0	0	0	0	0	166
issue131_rollout	executed	-	engine_logical	scatter_read	8	10	1	100	10000	50	4	32	2	10	WAL	FULL	warm_os_cache	f0c4113740643220ea69a4c34063478467f7001643964677c40c7d5b9016922c	40650	0	40650	10007.017	4062.15	84559.977	845.01	76546048	79593472	80248832	3702784	162234368	0	0	0	0	40	22	4,4,4,4,4,4,4,4,4,4	3,3,4,3,3,4,3,2,1,1	40650	40650	40650.000	1.000	40650,40650,40650,40650,40650,40650,40650,40650,40650,40650	0	0	0	0	0	0	174
issue131_rollout	executed	-	engine_logical	scatter_read	8	10	2	100	10000	50	4	32	2	10	WAL	FULL	warm_os_cache	4804ea8f2a23cd3e9694b3ebfa507cb16724a25f2d84c2cb30a2d63d77a5948b	39966	0	39966	10015.469	3990.43	82156.809	820.30	79609856	79642624	80297984	688128	162234368	0	0	0	0	40	24	4,4,4,4,4,4,4,4,4,4	4,3,4,4,4,4,3,2,2,1	39966	39966	39966.000	1.000	39966,39966,39966,39966,39966,39966,39966,39966,39966,39966	0	0	0	0	0	0	175
issue131_rollout	executed	-	engine_logical	scatter_read	8	10	3	100	10000	50	4	32	2	10	WAL	FULL	warm_os_cache	7922cb155347952acbf01abb9947ca76aa35deab59858cd434dca8ab291f0113	40747	0	40747	10005.575	4072.43	84492.048	844.45	79609856	79675392	80330752	720896	162234368	0	0	0	0	40	19	4,4,4,4,4,4,4,4,4,4	3,4,3,3,3,3,4,3,1,2	40747	40747	40747.000	1.000	40747,40747,40747,40747,40747,40747,40747,40747,40747,40747	0	0	0	0	0	0	176
issue131_rollout	executed	-	engine_logical	explicit_write	8	10	1	100	10000	50	4	32	2	10	WAL	FULL	warm_os_cache	724d482a49bd35552e55497803441ab4a40470f88e54e59ed372114ef3319223	54981	0	54981	10005.637	5495.00	61413.834	613.79	80855040	85475328	85475328	4620288	162234368	824320	41389840	41389840	40565520	8	2	3,2,3,3,4,3,2,3,3,3	0,0,0,0,2,0,0,0,0,0	5497	5499	5498.100	1.000	5498,5498,5498,5498,5498,5499,5499,5498,5498,5497	0	0	0	0	0	0	172
issue131_rollout	executed	-	engine_logical	explicit_write	8	10	2	100	10000	50	4	32	2	10	WAL	FULL	warm_os_cache	0af7270b1eb8f1ac4c40c18cdac8d952462c31e490881fbe70cd5bd5f9004706	54425	0	54425	10006.015	5439.23	61173.944	611.37	91553792	88866816	92471296	917504	162234368	824320	41410440	41410440	40586120	8	1	2,4,3,3,2,3,3,2,3,3	0,1,0,0,0,0,0,0,0,0	5441	5444	5442.500	1.000	5441,5442,5442,5442,5443,5443,5443,5444,5444,5441	0	0	0	0	0	0	172
issue131_rollout	executed	-	engine_logical	explicit_write	8	10	3	100	10000	50	4	32	2	10	WAL	FULL	warm_os_cache	74769cb9db60e093635ad93abb32017f8c120198e4e9040400cda5ef480bc459	53358	0	53358	10014.643	5328.00	60521.695	604.33	84328448	84606976	85147648	819200	162234368	824320	41356880	41356880	40532560	8	0	3,3,3,3,3,3,2,3,3,3	0,0,0,0,0,0,0,0,0,0	5335	5337	5335.800	1.000	5335,5335,5335,5336,5336,5336,5337,5337,5336,5335	0	0	0	0	0	0	171
issue131_rollout	unsupported	no independent pre-vtab comparator: public Engine omitted-key writes delegate to the writable virtual-table coordinator	engine_logical	native_range_write	8	10	-	100	10000	50	4	32	2	10	WAL	FULL	warm_os_cache	-	-	-	-	-	-	-	-	-	-	-	-	-	-	-	-	-	-	-	-	-	-	-	-	-	-	-	-	-	-	-	-	-
issue131_rollout	unsupported	no independent pre-vtab comparator: public Engine omitted-key writes delegate to the writable virtual-table coordinator	engine_logical	hilo_write	8	10	-	100	10000	50	4	32	2	10	WAL	FULL	warm_os_cache	-	-	-	-	-	-	-	-	-	-	-	-	-	-	-	-	-	-	-	-	-	-	-	-	-	-	-	-	-	-	-	-	-
issue131_rollout	executed	-	vtab	point_read	10	10	1	100	10000	50	4	32	2	10	WAL	FULL	warm_os_cache	4b816cbe2318d6c89b471d3c53b7a9a578d65162d734ac3a1ae10501739df6f2	36230	0	36230	10004.873	3621.24	64417.266	643.86	60129280	60243968	60686336	557056	162234368	0	0	0	0	0	0	0,0,0,0,0,0,0,0,0,0	0,0,0,0,0,0,0,0,0,0	3622	3624	3623.000	1.000	3623,3624,3622,3623,3623,3624,3622,3623,3623,3623	0	0	0	0	0	0	172
issue131_rollout	executed	-	vtab	point_read	10	10	2	100	10000	50	4	32	2	10	WAL	FULL	warm_os_cache	0941966122204fc90a7bb6c9d1e4554f19438807b446ed22f924b5fe0684872d	34986	0	34986	10009.673	3495.22	61991.250	619.31	59817984	60014592	60456960	638976	162234368	0	0	0	0	0	0	0,0,0,0,0,0,0,0,0,0	0,0,0,0,0,0,0,0,0,0	3497	3500	3498.600	1.000	3498,3498,3499,3498,3498,3499,3499,3500,3500,3497	0	0	0	0	0	0	172
issue131_rollout	executed	-	vtab	point_read	10	10	3	100	10000	50	4	32	2	10	WAL	FULL	warm_os_cache	27000eba46ae8f615eae689b2465a833a8eace062c095a1b1bed00b449e647ec	36700	0	36700	10004.633	3668.30	65498.827	654.68	60014592	59850752	60440576	425984	162234368	0	0	0	0	0	0	0,0,0,0,0,0,0,0,0,0	0,0,0,0,0,0,0,0,0,0	3667	3673	3670.000	1.001	3673,3669,3669,3667,3668,3669,3670,3671,3672,3672	0	0	0	0	0	0	171
issue131_rollout	executed	-	vtab	scatter_read	10	10	1	100	10000	50	4	32	2	10	WAL	FULL	warm_os_cache	e36b7d1e2e3914d863380bf82fa0f138900171487f4522febbf4f638b4ab7c60	3666	0	3666	10017.990	365.94	64582.270	644.66	26984448	28508160	28917760	1933312	162234368	0	0	0	0	0	0	0,0,0,0,0,0,0,0,0,0	0,0,0,0,0,0,0,0,0,0	3666	3666	3666.000	1.000	3666,3666,3666,3666,3666,3666,3666,3666,3666,3666	0	0	0	0	0	0	170
issue131_rollout	executed	-	vtab	scatter_read	10	10	2	100	10000	50	4	32	2	10	WAL	FULL	warm_os_cache	865423080feca30661fbe41dbdd5a390c55d12502a5827526ae6210021c08bdd	3661	0	3661	10009.200	365.76	63962.839	639.04	32129024	32178176	32620544	491520	162234368	0	0	0	0	0	0	0,0,0,0,0,0,0,0,0,0	0,0,0,0,0,0,0,0,0,0	3661	3661	3661.000	1.000	3661,3661,3661,3661,3661,3661,3661,3661,3661,3661	0	0	0	0	0	0	172
issue131_rollout	executed	-	vtab	scatter_read	10	10	3	100	10000	50	4	32	2	10	WAL	FULL	warm_os_cache	008adaedfa53bc32044e2f920fafaf2591675cb5a49145b34ee0acfd307d70cc	3639	0	3639	10027.996	362.88	62889.321	627.14	32178176	32112640	32620544	442368	162234368	0	0	0	0	0	0	0,0,0,0,0,0,0,0,0,0	0,0,0,0,0,0,0,0,0,0	3639	3639	3639.000	1.000	3639,3639,3639,3639,3639,3639,3639,3639,3639,3639	0	0	0	0	0	0	172
issue131_rollout	executed	-	vtab	explicit_write	10	10	1	100	10000	50	4	32	2	10	WAL	FULL	warm_os_cache	cb097c26b217405d8d60d08309e313835d6da4b18a97d5f4a1372bb990603e14	22943	0	22943	10006.911	2292.72	46909.969	468.78	31932416	35127296	35127296	3194880	162234368	0	0	115520	0	0	0	0,0,0,0,0,0,0,0,0,0	0,0,0,0,0,0,0,0,0,0	2294	2295	2294.300	1.000	2295,2294,2295,2294,2294,2294,2294,2294,2294,2295	0	0	0	0	0	0	185
issue131_rollout	executed	-	vtab	explicit_write	10	10	2	100	10000	50	4	32	2	10	WAL	FULL	warm_os_cache	ab258967bce8e6bfcd945ed42c88ff90122bcd084515e99c87d48f4b004aa788	24384	0	24384	10004.969	2437.19	48545.281	485.21	66846720	61620224	67485696	638976	162234368	0	0	128000	0	0	0	0,0,0,0,0,0,0,0,0,0	0,0,0,0,0,0,0,0,0,0	2437	2440	2438.400	1.001	2439,2439,2440,2439,2439,2438,2437,2437,2438,2438	0	0	0	0	0	0	186
issue131_rollout	executed	-	vtab	explicit_write	10	10	3	100	10000	50	4	32	2	10	WAL	FULL	warm_os_cache	91f8e5ce08d86ff84eba1c918081ae1f3b531374258684b1d2c9b1c6b4398466	24225	0	24225	10009.863	2420.11	48200.148	481.53	61620224	61620224	62144512	524288	162234368	0	0	103192	0	0	0	0,0,0,0,0,0,0,0,0,0	0,0,0,0,0,0,0,0,0,0	2422	2423	2422.500	1.000	2423,2423,2422,2422,2422,2423,2423,2423,2422,2422	0	0	0	0	0	0	187
issue131_rollout	executed	-	vtab	native_range_write	10	10	1	100	10000	50	4	32	2	10	WAL	FULL	warm_os_cache	9110206bbe99ac0d3c56fdf7afb4125a30000e7714222de09287d607e74505b3	23311	0	23311	10006.070	2329.69	48485.689	484.56	66699264	63979520	67190784	491520	162234368	0	0	94920	0	0	0	0,0,0,0,0,0,0,0,0,0	0,0,0,0,0,0,0,0,0,0	2327	2336	2331.100	1.002	2336,2333,2332,2332,2332,2331,2331,2329,2328,2327	0	0	0	0	0	0	185
issue131_rollout	executed	-	vtab	native_range_write	10	10	2	100	10000	50	4	32	2	10	WAL	FULL	warm_os_cache	4553c9a89adb682df202ddce49b2d25d4dbaa0ca0755f80eefd199abdc0ca4e5	22318	0	22318	10009.225	2229.74	49227.252	491.82	64634880	58343424	65093632	458752	162234368	0	0	99072	0	0	0	0,0,0,0,0,0,0,0,0,0	0,0,0,0,0,0,0,0,0,0	2227	2236	2231.800	1.002	2236,2235,2234,2233,2233,2232,2231,2229,2228,2227	0	0	0	0	0	0	184
issue131_rollout	executed	-	vtab	native_range_write	10	10	3	100	10000	50	4	32	2	10	WAL	FULL	warm_os_cache	f7897d05ceadd76626c8e20852493d6aa839f51646170fee2eea9fb50ad766c3	23100	0	23100	10005.564	2308.72	49759.822	497.32	58343424	55721984	58851328	507904	162234368	0	0	90832	0	0	0	0,0,0,0,0,0,0,0,0,0	0,0,0,0,0,0,0,0,0,0	2305	2315	2310.000	1.002	2315,2314,2312,2311,2310,2310,2309,2308,2306,2305	0	0	0	0	0	0	187
issue131_rollout	executed	-	vtab	hilo_write	10	10	1	100	10000	50	4	32	2	10	WAL	FULL	warm_os_cache	d5b3708b07692df0b3bfb4b7ca1581f2adf0018a38a2289b3c8cc67212dc385f	27306	0	27306	10007.220	2728.63	51774.759	517.37	55721984	57344000	57344000	1622016	162234368	0	0	82496	0	0	0	0,0,0,0,0,0,0,0,0,0	0,0,0,0,0,0,0,0,0,0	2675	2800	2730.600	1.025	2711,2675,2714,2745,2727,2698,2800,2710,2753,2773	0	0	0	0	0	0	185
issue131_rollout	executed	-	vtab	hilo_write	10	10	2	100	10000	50	4	32	2	10	WAL	FULL	warm_os_cache	4fc1baac9fde5c3de7823ffd8c4e0ee7a93f2198683080592c8a20793a4ad601	27031	0	27031	10014.959	2699.06	51747.859	516.71	55820288	56377344	56950784	1130496	162234368	0	0	61928	0	0	0	0,0,0,0,0,0,0,0,0,0	0,0,0,0,0,0,0,0,0,0	2647	2782	2703.100	1.029	2674,2647,2692,2723,2706,2667,2782,2681,2726,2733	0	0	0	0	0	0	185
issue131_rollout	executed	-	vtab	hilo_write	10	10	3	100	10000	50	4	32	2	10	WAL	FULL	warm_os_cache	6f14a08811a7784608756fd186e0bb1d8ab1850570c863d99da68dce4a66b6fa	27266	0	27266	10008.308	2724.34	51678.130	516.35	57180160	49397760	57720832	540672	162234368	0	0	61928	0	0	0	0,0,0,0,0,0,0,0,0,0	0,0,0,0,0,0,0,0,0,0	2671	2798	2726.600	1.026	2705,2671,2713,2742,2722,2689,2798,2705,2750,2771	0	0	0	0	0	0	186
issue131_rollout	executed	-	engine_logical	point_read	10	10	1	100	10000	50	4	32	2	10	WAL	FULL	warm_os_cache	4b816cbe2318d6c89b471d3c53b7a9a578d65162d734ac3a1ae10501739df6f2	1097070	0	1097070	10010.964	109586.85	87866.977	877.71	60440576	61423616	62242816	1802240	162234368	0	0	0	0	8	0	2,3,3,2,3,2,2,3,3,3	0,0,0,0,0,0,0,0,0,0	109705	109708	109707.000	1.000	109708,109707,109708,109708,109707,109707,109707,109705,109706,109707	0	0	0	0	0	0	167
issue131_rollout	executed	-	engine_logical	point_read	10	10	2	100	10000	50	4	32	2	10	WAL	FULL	warm_os_cache	0941966122204fc90a7bb6c9d1e4554f19438807b446ed22f924b5fe0684872d	1099985	0	1099985	10013.793	109846.99	87223.107	871.03	59998208	60309504	61128704	1130496	162234368	0	0	0	0	9	1	2,3,3,3,3,4,3,3,3,4	1,0,1,0,0,0,0,0,0,0	109997	110000	109998.500	1.000	109998,109999,109999,109998,109999,110000,109999,109997,109998,109998	0	0	0	0	0	0	167
issue131_rollout	executed	-	engine_logical	point_read	10	10	3	100	10000	50	4	32	2	10	WAL	FULL	warm_os_cache	27000eba46ae8f615eae689b2465a833a8eace062c095a1b1bed00b449e647ec	1039969	0	1039969	10005.694	103937.72	75464.627	754.22	60047360	25853952	61177856	1130496	162234368	0	0	0	0	9	1	3,3,2,3,2,2,3,3,2,4	1,0,0,0,0,0,0,0,0,1	103996	103998	103996.900	1.000	103997,103996,103996,103997,103998,103996,103997,103997,103998,103997	0	0	0	0	0	0	164
issue131_rollout	executed	-	engine_logical	scatter_read	10	10	1	100	10000	50	4	32	2	10	WAL	FULL	warm_os_cache	e36b7d1e2e3914d863380bf82fa0f138900171487f4522febbf4f638b4ab7c60	58554	0	58554	10002.725	5853.80	82256.101	822.34	29343744	37027840	37847040	8503296	162234368	0	0	0	0	40	35	4,4,4,4,4,4,4,4,4,4	5,5,6,5,5,5,5,5,2,2	58554	58554	58554.000	1.000	58554,58554,58554,58554,58554,58554,58554,58554,58554,58554	0	0	0	0	0	0	175
issue131_rollout	executed	-	engine_logical	scatter_read	10	10	2	100	10000	50	4	32	2	10	WAL	FULL	warm_os_cache	865423080feca30661fbe41dbdd5a390c55d12502a5827526ae6210021c08bdd	56468	0	56468	10006.348	5643.22	80218.106	801.67	37224448	34832384	38076416	851968	162234368	0	0	0	0	40	36	4,4,4,4,4,4,4,4,4,4	6,5,5,5,5,5,5,4,2,2	56468	56468	56468.000	1.000	56468,56468,56468,56468,56468,56468,56468,56468,56468,56468	0	0	0	0	0	0	176
issue131_rollout	executed	-	engine_logical	scatter_read	10	10	3	100	10000	50	4	32	2	10	WAL	FULL	warm_os_cache	008adaedfa53bc32044e2f920fafaf2591675cb5a49145b34ee0acfd307d70cc	55129	0	55129	10013.884	5505.26	83590.557	834.75	32423936	32276480	33275904	851968	162234368	0	0	0	0	40	38	4,4,4,4,4,4,4,4,4,4	5,5,5,5,6,5,6,5,2,2	55129	55129	55129.000	1.000	55129,55129,55129,55129,55129,55129,55129,55129,55129,55129	0	0	0	0	0	0	177
issue131_rollout	executed	-	engine_logical	explicit_write	10	10	1	100	10000	50	4	32	2	10	WAL	FULL	warm_os_cache	cb097c26b217405d8d60d08309e313835d6da4b18a97d5f4a1372bb990603e14	47522	0	47522	10004.685	4749.97	75001.387	749.66	45088768	50741248	50741248	5652480	162234368	935560	40565840	41319800	39630280	10	2	3,4,4,3,3,3,4,3,3,3	0,1,2,0,0,0,0,0,0,0	4751	4753	4752.200	1.000	4753,4753,4753,4751,4752,4751,4751,4752,4753,4753	0	0	0	0	0	0	170
issue131_rollout	executed	-	engine_logical	explicit_write	10	10	2	100	10000	50	4	32	2	10	WAL	FULL	warm_os_cache	ab258967bce8e6bfcd945ed42c88ff90122bcd084515e99c87d48f4b004aa788	47365	0	47365	10004.902	4734.18	74815.895	747.79	65601536	65650688	67780608	2179072	162234368	935560	41398080	41398080	40462520	10	0	3,3,3,3,4,3,3,3,3,3	0,0,0,0,0,0,0,0,0,0	4736	4737	4736.500	1.000	4737,4736,4736,4737,4736,4736,4737,4736,4737,4737	0	0	0	0	0	0	172
issue131_rollout	executed	-	engine_logical	explicit_write	10	10	3	100	10000	50	4	32	2	10	WAL	FULL	warm_os_cache	91f8e5ce08d86ff84eba1c918081ae1f3b531374258684b1d2c9b1c6b4398466	46820	0	46820	10015.692	4674.66	73492.099	733.77	61997056	53690368	62963712	966656	162234368	935560	41414560	41414560	40479000	10	0	4,4,3,3,4,3,3,3,4,3	0,0,0,0,0,0,0,0,0,0	4681	4683	4682.000	1.000	4683,4681,4682,4682,4681,4682,4682,4683,4682,4682	0	0	0	0	0	0	171
issue131_rollout	unsupported	no independent pre-vtab comparator: public Engine omitted-key writes delegate to the writable virtual-table coordinator	engine_logical	native_range_write	10	10	-	100	10000	50	4	32	2	10	WAL	FULL	warm_os_cache	-	-	-	-	-	-	-	-	-	-	-	-	-	-	-	-	-	-	-	-	-	-	-	-	-	-	-	-	-	-	-	-	-
issue131_rollout	unsupported	no independent pre-vtab comparator: public Engine omitted-key writes delegate to the writable virtual-table coordinator	engine_logical	hilo_write	10	10	-	100	10000	50	4	32	2	10	WAL	FULL	warm_os_cache	-	-	-	-	-	-	-	-	-	-	-	-	-	-	-	-	-	-	-	-	-	-	-	-	-	-	-	-	-	-	-	-	-
gate_record	status	reason	path	workload	clients	median_successful	median_ops_per_sec	median_cpu_ms_per_operation	median_sampled_peak_rss_growth	median_wal_bytes_per_operation	total_errors	worst_shard_spread	worst_shard_max_over_mean	minimum_successful_per_client	throughput_ratio	cpu_per_op_ratio	sampled_peak_rss_growth_ratio	wal_per_op_ratio
issue131_gate_case	PASS	-	vtab	point_read	2	32241	3221.272	0.465	98304.000	0.000	0	2	1.000	15734	-	-	-	-
issue131_gate_case	PASS	-	vtab	scatter_read	2	3217	321.495	4.719	311296.000	0.000	0	0	1.000	1599	-	-	-	-
issue131_gate_case	PASS	-	vtab	explicit_write	2	19200	1917.859	0.836	147456.000	1.291	0	2	1.001	9362	-	-	-	-
issue131_gate_case	FAIL	generated placement requires at least 10000 successful writes per client in every trial	vtab	native_range_write	2	19324	1931.623	0.841	131072.000	1.283	0	2	1.001	9590	-	-	-	-
issue131_gate_case	FAIL	hi/lo skew requires at least 10000 successful writes per client in every trial	vtab	hilo_write	2	20665	2065.439	0.742	147456.000	0.799	0	111	1.031	9846	-	-	-	-
issue131_gate_case	PASS	-	engine_logical	point_read	2	583439	58312.984	0.035	327680.000	0.000	0	2	1.000	273987	-	-	-	-
issue131_gate_case	PASS	-	engine_logical	scatter_read	2	18637	1862.361	3.809	311296.000	0.000	0	0	1.000	9247	-	-	-	-
issue131_gate_case	PASS	-	engine_logical	explicit_write	2	56361	5572.737	0.070	7766016.000	720.110	0	2	1.000	20906	-	-	-	-
issue131_gate_case	UNAVAILABLE	no independent pre-vtab comparator: public Engine omitted-key writes delegate to the writable virtual-table coordinator	engine_logical	native_range_write	2	-	-	-	-	-	-	-	-	-	-	-	-	-
issue131_gate_case	UNAVAILABLE	no independent pre-vtab comparator: public Engine omitted-key writes delegate to the writable virtual-table coordinator	engine_logical	hilo_write	2	-	-	-	-	-	-	-	-	-	-	-	-	-
issue131_gate_case	PASS	-	vtab	point_read	4	35755	3573.597	0.675	212992.000	0.000	0	3	1.000	8552	-	-	-	-
issue131_gate_case	PASS	-	vtab	scatter_read	4	3708	370.214	6.718	212992.000	0.000	0	0	1.000	913	-	-	-	-
issue131_gate_case	PASS	-	vtab	explicit_write	4	20892	2086.287	1.229	262144.000	2.162	0	3	1.001	5007	-	-	-	-
issue131_gate_case	FAIL	generated placement requires at least 10000 successful writes per client in every trial	vtab	native_range_write	4	20182	2016.159	1.263	262144.000	1.639	0	4	1.001	5010	-	-	-	-
issue131_gate_case	FAIL	hi/lo skew requires at least 10000 successful writes per client in every trial	vtab	hilo_write	4	26309	2627.435	0.915	278528.000	1.097	0	117	1.032	6080	-	-	-	-
issue131_gate_case	PASS	-	engine_logical	point_read	4	770483	76976.795	0.053	638976.000	0.000	0	3	1.000	185814	-	-	-	-
issue131_gate_case	PASS	-	engine_logical	scatter_read	4	26190	2617.840	3.134	606208.000	0.000	0	0	1.000	6499	-	-	-	-
issue131_gate_case	PASS	-	engine_logical	explicit_write	4	104486	10397.291	0.154	2670592.000	389.501	0	3	1.000	17891	-	-	-	-
issue131_gate_case	UNAVAILABLE	no independent pre-vtab comparator: public Engine omitted-key writes delegate to the writable virtual-table coordinator	engine_logical	native_range_write	4	-	-	-	-	-	-	-	-	-	-	-	-	-
issue131_gate_case	UNAVAILABLE	no independent pre-vtab comparator: public Engine omitted-key writes delegate to the writable virtual-table coordinator	engine_logical	hilo_write	4	-	-	-	-	-	-	-	-	-	-	-	-	-
issue131_gate_case	PASS	-	vtab	point_read	8	34908	3489.517	1.461	393216.000	0.000	0	3	1.000	4226	-	-	-	-
issue131_gate_case	PASS	-	vtab	scatter_read	8	3524	351.913	14.625	376832.000	0.000	0	0	1.000	435	-	-	-	-
issue131_gate_case	PASS	-	vtab	explicit_write	8	21312	2129.595	1.948	475136.000	3.640	0	2	1.000	2540	-	-	-	-
issue131_gate_case	FAIL	generated placement requires at least 10000 successful writes per client in every trial	vtab	native_range_write	8	20969	2095.238	2.023	458752.000	3.532	0	8	1.002	2524	-	-	-	-
issue131_gate_case	FAIL	hi/lo skew requires at least 10000 successful writes per client in every trial	vtab	hilo_write	8	25633	2559.076	1.654	409600.000	1.802	0	119	1.031	3098	-	-	-	-
issue131_gate_case	PASS	-	engine_logical	point_read	8	1030724	102936.149	0.077	966656.000	0.000	0	3	1.000	127203	-	-	-	-
issue131_gate_case	PASS	-	engine_logical	scatter_read	8	40650	4062.149	2.074	720896.000	0.000	0	0	1.000	4974	-	-	-	-
issue131_gate_case	PASS	-	engine_logical	explicit_write	8	54425	5439.228	1.124	917504.000	745.726	0	3	1.000	6569	-	-	-	-
issue131_gate_case	UNAVAILABLE	no independent pre-vtab comparator: public Engine omitted-key writes delegate to the writable virtual-table coordinator	engine_logical	native_range_write	8	-	-	-	-	-	-	-	-	-	-	-	-	-
issue131_gate_case	UNAVAILABLE	no independent pre-vtab comparator: public Engine omitted-key writes delegate to the writable virtual-table coordinator	engine_logical	hilo_write	8	-	-	-	-	-	-	-	-	-	-	-	-	-
issue131_gate_case	PASS	-	vtab	point_read	10	36230	3621.235	1.778	557056.000	0.000	0	6	1.001	3484	-	-	-	-
issue131_gate_case	PASS	-	vtab	scatter_read	10	3661	365.763	17.471	491520.000	0.000	0	0	1.000	362	-	-	-	-
issue131_gate_case	PASS	-	vtab	explicit_write	10	24225	2420.113	1.991	638976.000	5.035	0	3	1.001	2278	-	-	-	-
issue131_gate_case	FAIL	generated placement requires at least 10000 successful writes per client in every trial	vtab	native_range_write	10	23100	2308.715	2.154	491520.000	4.072	0	10	1.002	2216	-	-	-	-
issue131_gate_case	FAIL	hi/lo skew requires at least 10000 successful writes per client in every trial	vtab	hilo_write	10	27266	2724.337	1.896	1130496.000	2.291	0	135	1.029	2674	-	-	-	-
issue131_gate_case	PASS	-	engine_logical	point_read	10	1097070	109586.853	0.079	1130496.000	0.000	0	3	1.000	103208	-	-	-	-
issue131_gate_case	PASS	-	engine_logical	scatter_read	10	56468	5643.218	1.421	851968.000	0.000	0	0	1.000	5489	-	-	-	-
issue131_gate_case	PASS	-	engine_logical	explicit_write	10	47365	4734.179	1.578	2179072.000	854.270	0	2	1.000	4608	-	-	-	-
issue131_gate_case	UNAVAILABLE	no independent pre-vtab comparator: public Engine omitted-key writes delegate to the writable virtual-table coordinator	engine_logical	native_range_write	10	-	-	-	-	-	-	-	-	-	-	-	-	-
issue131_gate_case	UNAVAILABLE	no independent pre-vtab comparator: public Engine omitted-key writes delegate to the writable virtual-table coordinator	engine_logical	hilo_write	10	-	-	-	-	-	-	-	-	-	-	-	-	-
issue131_gate_comparison	FAIL	throughput ratio below 0.80; CPU ratio exceeded 1.25; RSS ratio is UNRESOLVED because compared trials share one process; value is diagnostic; WAL ratio is UNRESOLVED because sampled file-size growth is non-monotonic across checkpoints and WAL reuse; value is diagnostic	vtab_over_engine	point_read	2	-	-	-	-	-	-	-	-	-	0.055	13.466	0.300	1.000
issue131_gate_comparison	FAIL	throughput ratio below 0.80; RSS ratio is UNRESOLVED because compared trials share one process; value is diagnostic; WAL ratio is UNRESOLVED because sampled file-size growth is non-monotonic across checkpoints and WAL reuse; value is diagnostic	vtab_over_engine	scatter_read	2	-	-	-	-	-	-	-	-	-	0.173	1.239	1.000	1.000
issue131_gate_comparison	FAIL	throughput ratio below 0.80; CPU ratio exceeded 1.25; RSS ratio is UNRESOLVED because compared trials share one process; value is diagnostic; WAL ratio is UNRESOLVED because sampled file-size growth is non-monotonic across checkpoints and WAL reuse; value is diagnostic	vtab_over_engine	explicit_write	2	-	-	-	-	-	-	-	-	-	0.344	11.920	0.019	0.002
issue131_gate_comparison	FAIL	throughput ratio below 0.80; CPU ratio exceeded 1.25; RSS ratio is UNRESOLVED because compared trials share one process; value is diagnostic; WAL ratio is UNRESOLVED because sampled file-size growth is non-monotonic across checkpoints and WAL reuse; value is diagnostic	vtab_over_engine	point_read	4	-	-	-	-	-	-	-	-	-	0.046	12.824	0.333	1.000
issue131_gate_comparison	FAIL	throughput ratio below 0.80; CPU ratio exceeded 1.25; RSS ratio is UNRESOLVED because compared trials share one process; value is diagnostic; WAL ratio is UNRESOLVED because sampled file-size growth is non-monotonic across checkpoints and WAL reuse; value is diagnostic	vtab_over_engine	scatter_read	4	-	-	-	-	-	-	-	-	-	0.141	2.143	0.351	1.000
issue131_gate_comparison	FAIL	throughput ratio below 0.80; CPU ratio exceeded 1.25; RSS ratio is UNRESOLVED because compared trials share one process; value is diagnostic; WAL ratio is UNRESOLVED because sampled file-size growth is non-monotonic across checkpoints and WAL reuse; value is diagnostic	vtab_over_engine	explicit_write	4	-	-	-	-	-	-	-	-	-	0.201	7.981	0.098	0.006
issue131_gate_comparison	FAIL	throughput ratio below 0.80; CPU ratio exceeded 1.25; RSS ratio is UNRESOLVED because compared trials share one process; value is diagnostic; WAL ratio is UNRESOLVED because sampled file-size growth is non-monotonic across checkpoints and WAL reuse; value is diagnostic	vtab_over_engine	point_read	8	-	-	-	-	-	-	-	-	-	0.034	19.004	0.407	1.000
issue131_gate_comparison	FAIL	throughput ratio below 0.80; CPU ratio exceeded 1.25; RSS ratio is UNRESOLVED because compared trials share one process; value is diagnostic; WAL ratio is UNRESOLVED because sampled file-size growth is non-monotonic across checkpoints and WAL reuse; value is diagnostic	vtab_over_engine	scatter_read	8	-	-	-	-	-	-	-	-	-	0.087	7.053	0.523	1.000
issue131_gate_comparison	FAIL	throughput ratio below 0.80; CPU ratio exceeded 1.25; RSS ratio is UNRESOLVED because compared trials share one process; value is diagnostic; WAL ratio is UNRESOLVED because sampled file-size growth is non-monotonic across checkpoints and WAL reuse; value is diagnostic	vtab_over_engine	explicit_write	8	-	-	-	-	-	-	-	-	-	0.392	1.733	0.518	0.005
issue131_gate_comparison	FAIL	throughput ratio below 0.80; CPU ratio exceeded 1.25; RSS ratio is UNRESOLVED because compared trials share one process; value is diagnostic; WAL ratio is UNRESOLVED because sampled file-size growth is non-monotonic across checkpoints and WAL reuse; value is diagnostic	vtab_over_engine	point_read	10	-	-	-	-	-	-	-	-	-	0.033	22.423	0.493	1.000
issue131_gate_comparison	FAIL	throughput ratio below 0.80; CPU ratio exceeded 1.25; RSS ratio is UNRESOLVED because compared trials share one process; value is diagnostic; WAL ratio is UNRESOLVED because sampled file-size growth is non-monotonic across checkpoints and WAL reuse; value is diagnostic	vtab_over_engine	scatter_read	10	-	-	-	-	-	-	-	-	-	0.065	12.299	0.577	1.000
issue131_gate_comparison	FAIL	throughput ratio below 0.80; CPU ratio exceeded 1.25; RSS ratio is UNRESOLVED because compared trials share one process; value is diagnostic; WAL ratio is UNRESOLVED because sampled file-size growth is non-monotonic across checkpoints and WAL reuse; value is diagnostic	vtab_over_engine	explicit_write	10	-	-	-	-	-	-	-	-	-	0.511	1.261	0.293	0.006
issue131_benchmark_gate_overall	HOLD	vtab 2 clients native_range_write: generated placement requires at least 10000 successful writes per client in every trial; vtab 2 clients hilo_write: hi/lo skew requires at least 10000 successful writes per client in every trial; vtab 4 clients native_range_write: generated placement requires at least 10000 successful writes per client in every trial; vtab 4 clients hilo_write: hi/lo skew requires at least 10000 successful writes per client in every trial; vtab 8 clients native_range_write: generated placement requires at least 10000 successful writes per client in every trial; vtab 8 clients hilo_write: hi/lo skew requires at least 10000 successful writes per client in every trial; vtab 10 clients native_range_write: generated placement requires at least 10000 successful writes per client in every trial; vtab 10 clients hilo_write: hi/lo skew requires at least 10000 successful writes per client in every trial; comparison 2 clients point_read: throughput ratio below 0.80; CPU ratio exceeded 1.25; RSS ratio is UNRESOLVED because compared trials share one process; value is diagnostic; WAL ratio is UNRESOLVED because sampled file-size growth is non-monotonic across checkpoints and WAL reuse; value is diagnostic; comparison 2 clients scatter_read: throughput ratio below 0.80; RSS ratio is UNRESOLVED because compared trials share one process; value is diagnostic; WAL ratio is UNRESOLVED because sampled file-size growth is non-monotonic across checkpoints and WAL reuse; value is diagnostic; comparison 2 clients explicit_write: throughput ratio below 0.80; CPU ratio exceeded 1.25; RSS ratio is UNRESOLVED because compared trials share one process; value is diagnostic; WAL ratio is UNRESOLVED because sampled file-size growth is non-monotonic across checkpoints and WAL reuse; value is diagnostic; comparison 4 clients point_read: throughput ratio below 0.80; CPU ratio exceeded 1.25; RSS ratio is UNRESOLVED because compared trials share one process; value is diagnostic; WAL ratio is UNRESOLVED because sampled file-size growth is non-monotonic across checkpoints and WAL reuse; value is diagnostic; comparison 4 clients scatter_read: throughput ratio below 0.80; CPU ratio exceeded 1.25; RSS ratio is UNRESOLVED because compared trials share one process; value is diagnostic; WAL ratio is UNRESOLVED because sampled file-size growth is non-monotonic across checkpoints and WAL reuse; value is diagnostic; comparison 4 clients explicit_write: throughput ratio below 0.80; CPU ratio exceeded 1.25; RSS ratio is UNRESOLVED because compared trials share one process; value is diagnostic; WAL ratio is UNRESOLVED because sampled file-size growth is non-monotonic across checkpoints and WAL reuse; value is diagnostic; comparison 8 clients point_read: throughput ratio below 0.80; CPU ratio exceeded 1.25; RSS ratio is UNRESOLVED because compared trials share one process; value is diagnostic; WAL ratio is UNRESOLVED because sampled file-size growth is non-monotonic across checkpoints and WAL reuse; value is diagnostic; comparison 8 clients scatter_read: throughput ratio below 0.80; CPU ratio exceeded 1.25; RSS ratio is UNRESOLVED because compared trials share one process; value is diagnostic; WAL ratio is UNRESOLVED because sampled file-size growth is non-monotonic across checkpoints and WAL reuse; value is diagnostic; comparison 8 clients explicit_write: throughput ratio below 0.80; CPU ratio exceeded 1.25; RSS ratio is UNRESOLVED because compared trials share one process; value is diagnostic; WAL ratio is UNRESOLVED because sampled file-size growth is non-monotonic across checkpoints and WAL reuse; value is diagnostic; comparison 10 clients point_read: throughput ratio below 0.80; CPU ratio exceeded 1.25; RSS ratio is UNRESOLVED because compared trials share one process; value is diagnostic; WAL ratio is UNRESOLVED because sampled file-size growth is non-monotonic across checkpoints and WAL reuse; value is diagnostic; comparison 10 clients scatter_read: throughput ratio below 0.80; CPU ratio exceeded 1.25; RSS ratio is UNRESOLVED because compared trials share one process; value is diagnostic; WAL ratio is UNRESOLVED because sampled file-size growth is non-monotonic across checkpoints and WAL reuse; value is diagnostic; comparison 10 clients explicit_write: throughput ratio below 0.80; CPU ratio exceeded 1.25; RSS ratio is UNRESOLVED because compared trials share one process; value is diagnostic; WAL ratio is UNRESOLVED because sampled file-size growth is non-monotonic across checkpoints and WAL reuse; value is diagnostic; sampled RSS growth is diagnostic because trials share one process; isolated trial processes are required for the resource gate; sampled WAL file-size growth is diagnostic because checkpoints and WAL reuse make it non-monotonic; frame-level write accounting is required for the resource gate; 50 ms pool samples cannot prove true maximum occupancy; the pool-capacity gate remains unresolved; cross-shard snapshot semantics and live PostgreSQL/MySQL evidence are outside this benchmark gate	-	-	-	-	-	-	-	-	-	-	-	-	-	-	-	-
